Id,Label
02320584,02320584
waffler22,waffler22
070620101,070620101
ooof,ooof
08chartrebbs,08chartrebbs
wangxm,wangxm
0xuanwu0,0xuanwu0
100fen,100fen
wuzhiwo,wuzhiwo
10anfeng,10anfeng
110779946,110779946
132600,132600
15fun3c,15fun3c
19770220,19770220
1979bbs,1979bbs
1984cn,1984cn
1989jasmine,1989jasmine
19ghz,19ghz
1shaou,1shaou
2190247,2190247
24hour,24hour
2525nikohime,2525nikohime
260901255,260901255
2freegle,2freegle
2k612,2k612
2ndshao,2ndshao
345924521abc,345924521abc
34BD,34BD
365cao,365cao
3foong,3foong
3rolex,3rolex
3vveg,3vveg
41phoenix,41phoenix
4fulldown,4fulldown
4thjune,4thjune
4_chinese,4_chinese
51haoba,51haoba
51myvpn,51myvpn
54tianjing,54tianjing
5573771,5573771
5lai,5lai
5loveeason,5loveeason
5ONICE,5ONICE
5_mao,5_mao
5_Mao,5_Mao
62packwood,62packwood
66boy,66boy
70km,70km
730quzhang,730quzhang
7788de,7788de
7id,7id
7thrhino,7thrhino
84xiaoming,84xiaoming
851705475,851705475
881059,881059
88958998,88958998
88songs,88songs
89lin,89lin
8jun,8jun
8k6,8k6
8m9,8m9
8zijie,8zijie
996689,996689
9joker,9joker
a081314,a081314
a13887665440,a13887665440
a168,a168
a8cdl1,a8cdl1
aa261315,aa261315
aaaaaa640518,aaaaaa640518
aaaaaa999999,aaaaaa999999
aachen_123,aachen_123
aaobama,aaobama
aaronwoo,aaronwoo
aazz2,aazz2
aban_61,aban_61
abao,abao
abo999,abo999
aboutheaven4023,aboutheaven4023
abzb007,abzb007
acecin,acecin
aches_cn,aches_cn
actionaidchina,actionaidchina
aczhangming,aczhangming
adctnpo,adctnpo
addren,addren
adeptwolf,adeptwolf
adeyso,adeyso
adia_sky,adia_sky
adingwang,adingwang
adouban,adouban
adoyou,adoyou
adrianmorrison,adrianmorrison
adventure,adventure
aenstan,aenstan
aerodaniel,aerodaniel
aervea,aervea
aether,aether
afa1990,afa1990
afencn,afencn
afooli,afooli
agaguk,agaguk
agassi_yzh,agassi_yzh
agentzhongcn,agentzhongcn
ahxxm,ahxxm
aichifan,aichifan
aihansong,aihansong
ailibuli,ailibuli
aithnem,aithnem
aiww,aiww
aixin,aixin
aizong,aizong
ajaxblogger,ajaxblogger
ajiang,ajiang
akwcn,akwcn
alasiri17,alasiri17
albertforever,albertforever
alexanderbc1,alexanderbc1
alexandergxm,alexandergxm
alexhuu,alexhuu
alexkongms,alexkongms
alex_02280329,alex_02280329
aliaoshazhang,aliaoshazhang
alice7vong,alice7vong
aliennecessary,aliennecessary
alisayu,alisayu
ali_lincn,ali_lincn
aljkoo7,aljkoo7
allanex,allanex
allenzzw,allenzzw
allnameuse,allnameuse
alpha000001,alpha000001
altai,altai
amany123,amany123
amazing2008,amazing2008
americanelement,americanelement
amoiist,amoiist
amon_xujl,amon_xujl
amourachi,amourachi
amwaymarket,amwaymarket
amychencn,amychencn
an1908,an1908
anabrasilerona,anabrasilerona
analystma,analystma
anarchcommunism,anarchcommunism
anbangs,anbangs
anchorlee,anchorlee
anchu2012,anchu2012
andersonable,andersonable
anding99,anding99
andreedziuk4096,andreedziuk4096
andreywang,andreywang
andriy817,andriy817
andy0409fl,andy0409fl
andyindr,andyindr
andywang1980,andywang1980
angelarche,angelarche
angelia2041,angelia2041
anjiu,anjiu
annaconday,annaconday
annakoik,annakoik
annie_tang,annie_tang
anthonyho,anthonyho
antigochda,antigochda
ant_ant90,ant_ant90
anubiszxm,anubiszxm
anyucn,anyucn
anzhefun,anzhefun
ao07112,ao07112
aoshannan,aoshannan
aota123,aota123
aoyun6288,aoyun6288
apexpunk,apexpunk
aping365,aping365
apollooqm,apollooqm
appgam,appgam
aqkyj,aqkyj
aq_qdai,aq_qdai
aragonlou,aragonlou
ardynnpr,ardynnpr
areswudan,areswudan
ariesc06,ariesc06
arlei918,arlei918
arokto,arokto
arrayc,arrayc
arscloud,arscloud
art100,art100
artec,artec
artnext,artnext
ar_hoi,ar_hoi
asaspirin,asaspirin
asddapollo,asddapollo
asspro3th,asspro3th
assumeo,assumeo
assume_lo,assume_lo
at0m2,at0m2
atgna,atgna
athronix,athronix
atian328,atian328
atwww,atwww
auphildutemps,auphildutemps
austinpower86,austinpower86
avajiong,avajiong
avbox,avbox
avelineswan,avelineswan
avence,avence
averillwang,averillwang
avscc,avscc
awesomerab3072,awesomerab3072
axe1989,axe1989
axliu,axliu
azelee,azelee
azujet,azujet
azureyx,azureyx
azxing,azxing
a_cai,a_cai
a_l_q_a_e_d_a,a_l_q_a_e_d_a
b0dy1,b0dy1
b20100701,b20100701
babaalin,babaalin
babaohuang,babaohuang
babble_fish,babble_fish
baconsandwhich,baconsandwhich
baierduo,baierduo
baimoding,baimoding
baiqiaoch,baiqiaoch
BaiqiaoCh,BaiqiaoCh
baiqiaocho,baiqiaocho
baiying818,baiying818
baiyuncanggou,baiyuncanggou
bajie001,bajie001
bambooyaya,bambooyaya
bangzi06,bangzi06
banneradvertise,banneradvertise
banzailist,banzailist
baofengzhouyu,baofengzhouyu
baolidao,baolidao
baotong,baotong
BarackChina,BarackChina
barcalan,barcalan
bark_cheekmark,bark_cheekmark
Bark_CheekMark,Bark_CheekMark
basketbras37358,basketbras37358
bb00706160yy,bb00706160yy
bbc0574025,bbc0574025
bbs112,bbs112
bc8ipt,bc8ipt
bcheckf,bcheckf
bdzy,bdzy
bearbear,bearbear
bebtuser,bebtuser
beckhamburg,beckhamburg
becovista,becovista
bedweather,bedweather
beencome,beencome
beentakenagain,beentakenagain
beethovenzy,beethovenzy
beibeiai3,beibeiai3
beihexiede,beihexiede
beijing1989,beijing1989
beijingCC,beijingCC
beijingmo,beijingmo
beikehan,beikehan
beinglab,beinglab
beingwff,beingwff
beishuitang,beishuitang
beixu,beixu
BeIxu,BeIxu
bemike,bemike
benaton,benaton
benbenhai,benbenhai
bencrox,bencrox
benxu,benxu
bergkamp,bergkamp
bessie201,bessie201
besterluna,besterluna
bestteamkiller,bestteamkiller
bettercat,bettercat
beusliu,beusliu
bewho,bewho
beyioy,beyioy
beyondthesea,beyondthesea
biblecumhymns,biblecumhymns
bieshan,bieshan
bigasong,bigasong
bigman510,bigman510
bigwiiing,bigwiiing
big_raymond_xx,big_raymond_xx
bikmanwei,bikmanwei
bilizhenren,bilizhenren
billobama,billobama
billyzm,billyzm
bill_guu,bill_guu
bill_romanos,bill_romanos
bingdong700,bingdong700
bingkeer,bingkeer
bingour,bingour
bingsha_moka,bingsha_moka
bingxuegege,bingxuegege
binin,binin
binqiang_xu,binqiang_xu
binyou,binyou
biseven,biseven
bitnewheart,bitnewheart
bjslogin,bjslogin
bjtime,bjtime
blackdream,blackdream
blackprison,blackprison
blacktale,blacktale
blackzxw,blackzxw
blazingcd,blazingcd
bloggerinsight,bloggerinsight
blogifeng,blogifeng
blogsmu,blogsmu
bluebuy,bluebuy
bluegriand,bluegriand
bluesrs,bluesrs
bnm54321,bnm54321
bobojames,bobojames
bobwan2009,bobwan2009
bokix,bokix
boldoliver,boldoliver
bonater,bonater
boneo_o,boneo_o
bookstocell,bookstocell
borneotravel,borneotravel
borrit,borrit
boshids,boshids
boxerchick200t,boxerchick200t
boxun,boxun
boyflying,boyflying
boyhui,boyhui
boyzonecarter,boyzonecarter
bradleyc79,bradleyc79
bradzh,bradzh
Brandon_fay,Brandon_fay
breaksuper,breaksuper
bridgeduan,bridgeduan
brightchen,brightchen
brmnh,brmnh
brotheryu,brotheryu
brownedgecookie,brownedgecookie
brqzrz,brqzrz
brucelui,brucelui
btorumb,btorumb
buguniao11,buguniao11
bugzzgle,bugzzgle
buptleg,buptleg
buqueding,buqueding
buugaa,buugaa
buyseech,buyseech
buzuonumin,buzuonumin
bwskyer,bwskyer
c863,c863
cabezamadera,cabezamadera
cadeoak,cadeoak
caicaiamopk,caicaiamopk
caihuafeng,caihuafeng
caii,caii
caijing,caijing
caimeiju,caimeiju
caiwangqin,caiwangqin
caiwenhui1,caiwenhui1
caiwenhui5,caiwenhui5
caizhihao,caizhihao
cakuku88,cakuku88
calon,calon
calvin_jiang,calvin_jiang
cameralife2011,cameralife2011
cangjianglangre,cangjianglangre
caocao485,caocao485
caocaodewaisun,caocaodewaisun
caogencaogen,caogencaogen
caohunluan,caohunluan
caomeibizi,caomeibizi
caonibird,caonibird
caop288,caop288
caoshangyin,caoshangyin
caoyaoyun,caoyaoyun
caozenghui,caozenghui
cao_dev,cao_dev
cappuccino1984,cappuccino1984
captiveguy,captiveguy
caraweis,caraweis
carbohydratefan,carbohydratefan
carice,carice
carlcnz,carlcnz
carrotmobuk,carrotmobuk
cassshih,cassshih
cat9220,cat9220
cathayhorse,cathayhorse
catitude,catitude
catlovefish,catlovefish
cattribe,cattribe
ccdcus,ccdcus
cchk,cchk
ccres,ccres
cctv,cctv
CCTV,CCTV
cctv9527,cctv9527
ccyy12346,ccyy12346
cczyn,cczyn
CC_010,CC_010
cdongd,cdongd
cdpsite,cdpsite
cdshwh,cdshwh
cdtimes,cdtimes
celte,celte
cfsonic,cfsonic
chadcjx,chadcjx
chaijz,chaijz
chaleraphael,chaleraphael
cham8196,cham8196
changjiang31,changjiang31
changkun,changkun
changmeng,changmeng
changqingteng,changqingteng
changshengji,changshengji
chaodanfan,chaodanfan
chaos6174,chaos6174
chaosinlife,chaosinlife
chaosixiaoriben,chaosixiaoriben
chaphoenix,chaphoenix
chardaway,chardaway
Charles_Gao,Charles_Gao
charlievsangel,charlievsangel
charlywu_hk,charlywu_hk
charnelszhang,charnelszhang
charslee,charslee
cheetostiger,cheetostiger
cheezhu,cheezhu
chehongnian,chehongnian
chen512,chen512
chen7,chen7
chencr,chencr
chengcheng1098,chengcheng1098
chengdaoping,chengdaoping
chengguangcheng,chengguangcheng
chengr28,chengr28
chengxiao,chengxiao
chengxiaoliang,chengxiaoliang
chenhengxin,chenhengxin
chenjianguo1,chenjianguo1
chenjianrnb,chenjianrnb
chenqitang,chenqitang
chenshaoju,chenshaoju
chenxiongji,chenxiongji
chenyitian,chenyitian
chenyun,chenyun
chenzerro,chenzerro
chen_yunfei,chen_yunfei
chfil,chfil
chibi2020,chibi2020
childofwildness,childofwildness
chilyman,chilyman
chinagreenparty,chinagreenparty
chinagrudge,chinagrudge
chinahands,chinahands
chinaheart,chinaheart
chinajusticenow,chinajusticenow
chinaloveme,chinaloveme
chinanewsdaily,chinanewsdaily
chinanewsweek,chinanewsweek
chinared,chinared
chinastrong,chinastrong
chinawinelover,chinawinelover
china_elections,china_elections
chismars,chismars
chi_yang,chi_yang
chjliu,chjliu
chocolly,chocolly
chopsueycn,chopsueycn
chouti,chouti
chowhf,chowhf
chowlima,chowlima
chq_,chq_
chrisdodd53,chrisdodd53
christ_ok,christ_ok
chromed_hks,chromed_hks
chuckandcat,chuckandcat
chungshinyan,chungshinyan
chuntiandeditie,chuntiandeditie
chu_liuxiang,chu_liuxiang
chy0606230213,chy0606230213
cigdemchen,cigdemchen
cinthyacao,cinthyacao
ciobrainstorm,ciobrainstorm
cisolarix,cisolarix
citydeli_sh,citydeli_sh
civetrider,civetrider
clear_nxh,clear_nxh
cleavageortime,cleavageortime
clockgoldtime,clockgoldtime
clostear,clostear
CloudCache,CloudCache
cloudsay,cloudsay
cmm051031,cmm051031
cmwlni,cmwlni
CN1537,CN1537
cn1k,cn1k
cnadman,cnadman
cnbaidu,cnbaidu
cnbloggercon,cnbloggercon
cnlan,cnlan
cnmobile20,cnmobile20
cnnireport,cnnireport
CNPirates,CNPirates
cnshot,cnshot
cnshot1,cnshot1
cnsms,cnsms
cnsworg,cnsworg
cntian,cntian
cntom,cntom
cnumax,cnumax
cnwater,cnwater
coconnat,coconnat
cocotao,cocotao
codaweb,codaweb
codecx,codecx
cofgoodhope,cofgoodhope
cola1985211,cola1985211
colapig,colapig
coldmontis,coldmontis
colockorange,colockorange
colorjd,colorjd
comeorgone,comeorgone
comerzhao,comerzhao
commonunity,commonunity
conge,conge
conky_seahorse,conky_seahorse
cooky_green,cooky_green
coolcpu,coolcpu
cooler_eyes,cooler_eyes
coolxm,coolxm
coolyigo,coolyigo
corleonelou,corleonelou
cosmewang,cosmewang
coven,coven
cox_1,cox_1
coze,coze
cpiz,cpiz
cqfljz,cqfljz
cqtank,cqtank
craigslandnow,craigslandnow
crazylazybone,crazylazybone
creesed,creesed
crisyparis,crisyparis
crossway2010,crossway2010
crow_ibanez,crow_ibanez
csmitc,csmitc
csw621225,csw621225
cueabsorb,cueabsorb
cuixuesheng,cuixuesheng
cuiying99,cuiying99
cute886,cute886
cutedang,cutedang
cwghyt88,cwghyt88
cwq18891208,cwq18891208
cxm82,cxm82
cxq,cxq
cyaoyun,cyaoyun
cyhunter01,cyhunter01
czp,czp
c_z_f,c_z_f
d8day,d8day
dachayibei,dachayibei
dachengzi,dachengzi
daego,daego
dafashi,dafashi
daisybai,daisybai
daitoudage007,daitoudage007
dajiale,dajiale
dakan,dakan
dalisandeluo,dalisandeluo
damaomao1970,damaomao1970
damfun,damfun
dandanli,dandanli
danielfng,danielfng
danielyxf,danielyxf
danjx,danjx
danmuzhiyu,danmuzhiyu
dannycircle,dannycircle
dannyye,dannyye
danrurensheng,danrurensheng
danxi,danxi
daobidao,daobidao
daocren,daocren
daojianfei,daojianfei
DaoWuWei,DaoWuWei
daoxianglaonong,daoxianglaonong
darkbill,darkbill
darksqk,darksqk
darktoy,darktoy
dark_alexwang,dark_alexwang
darthanarchy,darthanarchy
datura_math,datura_math
davemacneil,davemacneil
david1985alive,david1985alive
davidfeng,davidfeng
DavidFeng,DavidFeng
davidhejr,davidhejr
davidskyson,davidskyson
davin_w,davin_w
davyho,davyho
daxa,daxa
da_shao,da_shao
dbtime,dbtime
dcapitalizemg,dcapitalizemg
dcn01,dcn01
deanwinchest,deanwinchest
deccin,deccin
deepe_rieke1,deepe_rieke1
defeaten,defeaten
Demo321,Demo321
denver0sun,denver0sun
depressop,depressop
desertvapor,desertvapor
deyangsong,deyangsong
dgwindz,dgwindz
dgzngo,dgzngo
dhysys,dhysys
diake,diake
dick1988,dick1988
diebiao,diebiao
diedrymusol,diedrymusol
digitalboy,digitalboy
dimtez,dimtez
ding11,ding11
dingclark,dingclark
dinghui,dinghui
discipulus1987,discipulus1987
djbencheung,djbencheung
djthere,djthere
dj_glue,dj_glue
dkfjlsfk,dkfjlsfk
dkgoss,dkgoss
dleon66,dleon66
dlkjfcn,dlkjfcn
dmmao,dmmao
dndsmans,dndsmans
dnkbcom,dnkbcom
docamen,docamen
dofeng,dofeng
doggedblogger,doggedblogger
dojldlf,dojldlf
dokie,dokie
doliver17,doliver17
don9z,don9z
dong3trailers,dong3trailers
donghuo,donghuo
dongxiaowei,dongxiaowei
dongyu87,dongyu87
donvilee,donvilee
doosood,doosood
dotzlect,dotzlect
doubletony_bot,doubletony_bot
doufuru,doufuru
dougbellfull,dougbellfull
dovis,dovis
downtownchick,downtownchick
dpn_100,dpn_100
dqswj,dqswj
dqwatchman,dqwatchman
dranran,dranran
dreamopen,dreamopen
dreamour,dreamour
dream_7755,dream_7755
drew19900807,drew19900807
drifterq,drifterq
drowndolphin,drowndolphin
dtaaa1,dtaaa1
dtjmsy,dtjmsy
dt_bot,dt_bot
duangaofeng,duangaofeng
duanyudeyeye,duanyudeyeye
duanzhihua,duanzhihua
duatu,duatu
duke1d0,duke1d0
dukwon,dukwon
dutzlw,dutzlw
duxingren,duxingren
duyanpili,duyanpili
du_ting,du_ting
dvatecity,dvatecity
dypeng007,dypeng007
dyrray,dyrray
dzchen315,dzchen315
eahtax,eahtax
ealith,ealith
earthengine,earthengine
eason_wu,eason_wu
eastgod,eastgod
ebuluo,ebuluo
eduann2018,eduann2018
edycheung,edycheung
eg9099,eg9099
egtee2010,egtee2010
ehye,ehye
eingaa,eingaa
elapsezyh,elapsezyh
elbertx,elbertx
elderlyquest,elderlyquest
eliciaavrm2,eliciaavrm2
emcashusapayday,emcashusapayday
emocracy2012,emocracy2012
emulefans,emulefans
enix_cheng,enix_cheng
enjoyblack,enjoyblack
enkenl,enkenl
EnochLu,EnochLu
enson2,enson2
enzo32,enzo32
enzo6nono,enzo6nono
enzo_nono,enzo_nono
erica_1989,erica_1989
erickao0215,erickao0215
ericweek,ericweek
ericyinxu,ericyinxu
ericzou,ericzou
erifrus,erifrus
erning,erning
erping,erping
erqiao3721,erqiao3721
erwinwon,erwinwon
escapelive,escapelive
eshop123,eshop123
esorhjy,esorhjy
esunchien,esunchien
ethan0xff,ethan0xff
eus_sue,eus_sue
evanmeng,evanmeng
evasong10,evasong10
Eve2244,Eve2244
evelyn_kuo,evelyn_kuo
evenus1987,evenus1987
even_king,even_king
every78924,every78924
everyhappon,everyhappon
evillions,evillions
examisboring,examisboring
exiang_bee,exiang_bee
exrld,exrld
eyanyan,eyanyan
facebook_travel,facebook_travel
fafafa21,fafafa21
falconandy,falconandy
fallofthewall,fallofthewall
fanbinsx,fanbinsx
fancy1013,fancy1013
fanfou110,fanfou110
fanghao123,fanghao123
fannylawrenC,fannylawrenC
fanqiangbuluo,fanqiangbuluo
fastzhuzhu,fastzhuzhu
fatenjs,fatenjs
faydao,faydao
faytoday,faytoday
fbhyc,fbhyc
fbichina,fbichina
fbzhong,fbzhong
fdtw1234,fdtw1234
fearlesszi,fearlesszi
feedding,feedding
feedmelinks,feedmelinks
feetbig,feetbig
feifei_run,feifei_run
feijianbi,feijianbi
feilongring,feilongring
feiwudesha,feiwudesha
feixiangdiyiba,feixiangdiyiba
feiyafei,feiyafei
felixonmars,felixonmars
fenfenhuayu,fenfenhuayu
feng37,feng37
fenghaitao,fenghaitao
FengHaiTao,FengHaiTao
Fengqinanfang,Fengqinanfang
fengxunyong,fengxunyong
fenng,fenng
fernandofelipeq,fernandofelipeq
feung,feung
fieldanimal,fieldanimal
fifinder,fifinder
FiFinder,FiFinder
fifineneuvlj9,fifineneuvlj9
FifthDimen,FifthDimen
FIGMENTLY,FIGMENTLY
filesocial,filesocial
finale,finale
fineyi,fineyi
fiona_xu,fiona_xu
firmchu,firmchu
fishondesk,fishondesk
fjpt3571,fjpt3571
fkzsh,fkzsh
fl9998,fl9998
flashzs,flashzs
Flyhippocampus,Flyhippocampus
flyin1985,flyin1985
flyink,flyink
flyshow,flyshow
flyzorro1980,flyzorro1980
fly_hakka,fly_hakka
fly_me_to_the_m,fly_me_to_the_m
fly_out,fly_out
fly_savage,fly_savage
focker_v,focker_v
follow5,follow5
foolfreedom,foolfreedom
formula1kimi,formula1kimi
fornumb,fornumb
forrestjian1988,forrestjian1988
fourteenwong,fourteenwong
foxmuldery,foxmuldery
foxqiu,foxqiu
frankfang,frankfang
frankzhen,frankzhen
frdlydee,frdlydee
free9ight,free9ight
freeadultmovie1,freeadultmovie1
freechinesepig,freechinesepig
freefcw,freefcw
FreeFighter1989,FreeFighter1989
freefighter1989,freefighter1989
freejadewdz,freejadewdz
freelq,freelq
freeman7777,freeman7777
freemanchina,freemanchina
freerainba,freerainba
freeuse,freeuse
freevpninfo,freevpninfo
freewcat,freewcat
freeyao,freeyao
free_poc,free_poc
free_POC,free_POC
fret4b,fret4b
freyzhao,freyzhao
frhong,frhong
frickjifang,frickjifang
frrck,frrck
frsky,frsky
fseocn,fseocn
ft363886,ft363886
fuckxie,fuckxie
funanfunan,funanfunan
funfang,funfang
funkhuang,funkhuang
funpea,funpea
fuochen,fuochen
fuqanglove,fuqanglove
fuxiaoshuo,fuxiaoshuo
fuyanj,fuyanj
fuyou001,fuyou001
fwang518,fwang518
fxck__it,fxck__it
fxd701029,fxd701029
fxxksocialism,fxxksocialism
fzhenghu,fzhenghu
gaiwenzhang,gaiwenzhang
gamezen,gamezen
ganglu,ganglu
gangqing,gangqing
Gangqing,Gangqing
ganmesi,ganmesi
ganxiaotianchao,ganxiaotianchao
gao1220,gao1220
gaochunhui,gaochunhui
gaohuacq,gaohuacq
gaojingtian,gaojingtian
gaokp,gaokp
gaomx,gaomx
gaoso,gaoso
gaoxiang01,gaoxiang01
gaoxing,gaoxing
gaoyan1234,gaoyan1234
gaoyan180,gaoyan180
gaoyong_han,gaoyong_han
gardenq,gardenq
garycheung1818,garycheung1818
gavin8800,gavin8800
gb425,gb425
gdmzyejian,gdmzyejian
Gear2Survive,Gear2Survive
geekarma,geekarma
geekinmedia,geekinmedia
geeklz,geeklz
genderit,genderit
george1989125,george1989125
gesangluobo,gesangluobo
gfw,gfw
gg12345sn,gg12345sn
ggyh0806,ggyh0806
giftingws,giftingws
ginmini,ginmini
gjy3,gjy3
glansye,glansye
glass_prince,glass_prince
glgao,glgao
gloryangel,gloryangel
gmailroom,gmailroom
gmysh,gmysh
gncz,gncz
gnuli2010,gnuli2010
go2jojo,go2jojo
go2study,go2study
godofbiluo,godofbiluo
gofeeling,gofeeling
gogocow,gogocow
goingmm,goingmm
goldkorn,goldkorn
goldof,goldof
gonel,gonel
goneyears,goneyears
gongchen713,gongchen713
gonghao,gonghao
gongshiwang,gongshiwang
gongsuinvgan,gongsuinvgan
gongtenghua,gongtenghua
gongyaobin,gongyaobin
goodbyesam,goodbyesam
goofy2,goofy2
gpcwater,gpcwater
gpro024,gpro024
gracew61,gracew61
graking,graking
greenpeacecn_hk,greenpeacecn_hk
green_turd97582,green_turd97582
gruntchina,gruntchina
gsma88,gsma88
gt3207,gt3207
guangzhiye,guangzhiye
guangzhui,guangzhui
guantrent,guantrent
guanwei2012,guanwei2012
guao,guao
guchanghong,guchanghong
gudidi,gudidi
gudsn,gudsn
GuestsZhen,GuestsZhen
gufengke,gufengke
guiqulaixi,guiqulaixi
guiren_skype,guiren_skype
guisudexin,guisudexin
guizhouln,guizhouln
guke,guke
guligara,guligara
gundam2k6,gundam2k6
guodegang_,guodegang_
guojiasheng,guojiasheng
guokb,guokb
guoqianshan,guoqianshan
guoyan,guoyan
guozhifei,guozhifei
gutong012,gutong012
guwenren,guwenren
guxiaoqiang,guxiaoqiang
gxm1988,gxm1988
gxylxwj,gxylxwj
gy111,gy111
gycspeeds,gycspeeds
gzeric,gzeric
gzgy123,gzgy123
gzlxd,gzlxd
g_z_y,g_z_y
h1n1cn,h1n1cn
h9b8,h9b8
hadimedan,hadimedan
hafidxu,hafidxu
hahajing,hahajing
hahasheep,hahasheep
haitao1977,haitao1977
haixionglee,haixionglee
halliewu,halliewu
hamletwang,hamletwang
hanbaoping,hanbaoping
hanbingjiaoyang,hanbingjiaoyang
hanchunjiang,hanchunjiang
handsomesome,handsomesome
hangzj,hangzj
hanjierong,hanjierong
hanlei,hanlei
hanniao,hanniao
hansenguy,hansenguy
hanshuang,hanshuang
hansophie,hansophie
hao0410,hao0410
hao327628,hao327628
haohao,haohao
haojie13,haojie13
haoranclover,haoranclover
haoxinqing,haoxinqing
haozezaibu,haozezaibu
haozhi,haozhi
haoziluo,haoziluo
haporing4ever,haporing4ever
hardysxtreme,hardysxtreme
harktsui,harktsui
harmonyevil,harmonyevil
harper831011,harper831011
hascik,hascik
hatoyamayukio,hatoyamayukio
haulynmp,haulynmp
havxi,havxi
hawktang,hawktang
hbxscz,hbxscz
hcmy,hcmy
hduanzi,hduanzi
headwx,headwx
healchn,healchn
heartycn,heartycn
hebi78,hebi78
HebynYU,HebynYU
hechanggood,hechanggood
hefengr,hefengr
hehe_night,hehe_night
heibaihui,heibaihui
heiszc,heiszc
heixiaozi,heixiaozi
hejian1978,hejian1978
hejianye,hejianye
hekuorg,hekuorg
hellobaby101,hellobaby101
hellocy1976,hellocy1976
hellodog,hellodog
hellolinh,hellolinh
hellozts,hellozts
heluyao,heluyao
henryjuan,henryjuan
henryshenry,henryshenry
henrywenren,henrywenren
hepingzhige,hepingzhige
heranheran,heranheran
herecomesmarc,herecomesmarc
herock,herock
heshen150027,heshen150027
heshiabc,heshiabc
hesuoge,hesuoge
hetun4,hetun4
heyuzhong,heyuzhong
hfcorriez,hfcorriez
hfulong,hfulong
hgm9715,hgm9715
hgta,hgta
hh4j,hh4j
hhjj98,hhjj98
HiAlbert,HiAlbert
Hibrother,Hibrother
hibrother,hibrother
hiddenweed,hiddenweed
hihicm,hihicm
hiing,hiing
himoyu,himoyu
hinrol,hinrol
hintendo,hintendo
hinz,hinz
hiok2,hiok2
hipda11,hipda11
hiraicn,hiraicn
hirockyshi,hirockyshi
hiseven,hiseven
historylong,historylong
historyofchina,historyofchina
hitomihitomi22,hitomihitomi22
hivan,hivan
hiwind321,hiwind321
hixiaoxiang,hixiaoxiang
hiyeahho,hiyeahho
hjgavin,hjgavin
hjjc1027,hjjc1027
hjl011,hjl011
hjw0hk,hjw0hk
hjxx70,hjxx70
hk000,hk000
hkcn,hkcn
hkftwe,hkftwe
hkj382,hkj382
hklsdnews,hklsdnews
hktraveller,hktraveller
HK_SAR,HK_SAR
hlbarthur,hlbarthur
hnjhj,hnjhj
hnszy222,hnszy222
hnszy55,hnszy55
hollyeater,hollyeater
hollyhottiemm,hollyhottiemm
HolyWeb,HolyWeb
hongchenke,hongchenke
hongsong,hongsong
hongwuy,hongwuy
hong_konger,hong_konger
hopemz1970,hopemz1970
hotter_me,hotter_me
houzhiyong,houzhiyong
howcanwelovecn,howcanwelovecn
hoy_05,hoy_05
hq99,hq99
hsh89,hsh89
hsin747,hsin747
hsperson,hsperson
hsqianshuiting,hsqianshuiting
hswbj,hswbj
htmlor,htmlor
huaer851,huaer851
huahaohe,huahaohe
huaisutt,huaisutt
huajack,huajack
hualala71,hualala71
hualonglee,hualonglee
HUALONGLEE,HUALONGLEE
huaneg,huaneg
huangagou,huangagou
huangdashan,huangdashan
huanghan3,huanghan3
huanghe111222,huanghe111222
huangjinguizi,huangjinguizi
huangkm,huangkm
Huanglifu,Huanglifu
huangmeng227,huangmeng227
huangpu123,huangpu123
huangsexiaohua,huangsexiaohua
huangtao_doa,huangtao_doa
huangxiang,huangxiang
huangyongtao,huangyongtao
huanqiu,huanqiu
huashiliao0852,huashiliao0852
huawuban,huawuban
huaxiangdechens,huaxiangdechens
huaxlee,huaxlee
huazi_wei,huazi_wei
hudayu,hudayu
huhumao,huhumao
huliangguo,huliangguo
hulianghui,hulianghui
hulihutudewo,hulihutudewo
huluwaa,huluwaa
hundan,hundan
hupoyhm,hupoyhm
huruka,huruka
hushigen,hushigen
huubby,huubby
huwyo,huwyo
huyong,huyong
huyuchengus,huyuchengus
huzifeng,huzifeng
hxq115,hxq115
hxtv,hxtv
hyj_circle,hyj_circle
hyyh1314,hyyh1314
hz8964,hz8964
hzpower,hzpower
hzs1975,hzs1975
hzx2js,hzx2js
iamgoodpy,iamgoodpy
iamyosiyosi,iamyosiyosi
ianzy,ianzy
ibachue,ibachue
ibeta,ibeta
ibmdevelopers,ibmdevelopers
icaoxi,icaoxi
ice5920,ice5920
icekysun,icekysun
icenpeter,icenpeter
icewangfei,icewangfei
ichaocai,ichaocai
icoeus,icoeus
icylorange,icylorange
idea1983,idea1983
idisole,idisole
idkv,idkv
idoinc,idoinc
idolphin8,idolphin8
ifeil,ifeil
ifinducn,ifinducn
ifirecool,ifirecool
ifre,ifre
ifyouloveme,ifyouloveme
igeeker,igeeker
igoodgo,igoodgo
igreatwall,igreatwall
ihao,ihao
iHeaven7,iHeaven7
ihiks,ihiks
ihugu,ihugu
iiiiiiiiiiiiiou,iiiiiiiiiiiiiou
ijxp,ijxp
ilawkou,ilawkou
ilifeng,ilifeng
iliuwei,iliuwei
illlli,illlli
illvovo,illvovo
ILOKE,ILOKE
ilooch,ilooch
imahao,imahao
imharo,imharo
imlbb,imlbb
imnewer,imnewer
Imniao,Imniao
importantpenpal,importantpenpal
imsoloday,imsoloday
imtengsong,imtengsong
imtkp,imtkp
IM_Coaching,IM_Coaching
im_wower,im_wower
in5o,in5o
inbhun73,inbhun73
indieyuzu,indieyuzu
indymediacn,indymediacn
inecho,inecho
inglejun,inglejun
ini1985,ini1985
InnerSBL,InnerSBL
innoretriever,innoretriever
insalon,insalon
instango,instango
intelectorec,intelectorec
internetbuffet,internetbuffet
ioolu,ioolu
iosephdd,iosephdd
iotconference,iotconference
ip1840,ip1840
iphoneguy101,iphoneguy101
iqian,iqian
iqyeah,iqyeah
iran_news,iran_news
ireneyapsg,ireneyapsg
irmb,irmb
isaac,isaac
isislemon,isislemon
isold_wang,isold_wang
isummer8,isummer8
isvrai,isvrai
is_w,is_w
iterchina,iterchina
itfan,itfan
itingfeng,itingfeng
itomjojo,itomjojo
iudge,iudge
iueai,iueai
ivankuang1984,ivankuang1984
ivanyanyeung,ivanyanyeung
iverson2012,iverson2012
iwantcomputer,iwantcomputer
iwill911,iwill911
iwvc22,iwvc22
izaobao,izaobao
izeyqi,izeyqi
j262byuu,j262byuu
jack7kang,jack7kang
jackboo,jackboo
jackey_yan,jackey_yan
jackhou1640,jackhou1640
jackiebjwang,jackiebjwang
jackiln0508,jackiln0508
jackjackdu,jackjackdu
jackliucn,jackliucn
jacknify,jacknify
jackr5128,jackr5128
jacksonayumi,jacksonayumi
jackson_148,jackson_148
jackychan_star,jackychan_star
jackyxxy,jackyxxy
jakobzheng,jakobzheng
jakysnatasa,jakysnatasa
jamesfjx,jamesfjx
jamzo,jamzo
jans1086,jans1086
jansimpson,jansimpson
janzhou,janzhou
jarodkim,jarodkim
jasmine3ai,jasmine3ai
jason0407,jason0407
jason7758,jason7758
jasontsui,jasontsui
jason_hsu,jason_hsu
jason_yuen,jason_yuen
javad78,javad78
jaycheung27,jaycheung27
jbdzhuxi,jbdzhuxi
jbliu,jbliu
jb_upports2,jb_upports2
jcck2007,jcck2007
jckbt,jckbt
jcranecompany,jcranecompany
jeanyim,jeanyim
jecylovemaggie,jecylovemaggie
jeenie07,jeenie07
jeffmacdon,jeffmacdon
jeffrey4l,jeffrey4l
jennyferch,jennyferch
jenreport,jenreport
jeokim_hwa,jeokim_hwa
jeremylehr,jeremylehr
jeromentzhao,jeromentzhao
jerr2y,jerr2y
jerrymice,jerrymice
jessezhao,jessezhao
jessie0816,jessie0816
jessycao,jessycao
jhchemken,jhchemken
jhgfer,jhgfer
jhkps,jhkps
jht897,jht897
jhujianwei,jhujianwei
jiangjiehe,jiangjiehe
jiangzhijia,jiangzhijia
jianshuhua,jianshuhua
jianshuo,jianshuo
jiao52,jiao52
jiaxiaoke,jiaxiaoke
jibpub,jibpub
jiege,jiege
jieziyi,jieziyi
jihaifei,jihaifei
jijijor,jijijor
jil148,jil148
jiminechin,jiminechin
jimmyljxy,jimmyljxy
jimmyxue,jimmyxue
jimxxx01,jimxxx01
jincaimin,jincaimin
jincaopi,jincaopi
jindizhiwa,jindizhiwa
jingdezheng,jingdezheng
jinguangze,jinguangze
jingyu0722,jingyu0722
jingzhang,jingzhang
jinmeizhang,jinmeizhang
jinquewu,jinquewu
jintan,jintan
jin_h_j,jin_h_j
jishui,jishui
jiuer,jiuer
jiutianlanyue,jiutianlanyue
jiweim,jiweim
jixiangu,jixiangu
jiyijiekeji,jiyijiekeji
jiyuanyugong,jiyuanyugong
jjia811,jjia811
jlhcx,jlhcx
jlyjyjmw,jlyjyjmw
jnworm,jnworm
joe1103,joe1103
joeenie,joeenie
joesDIYhome,joesDIYhome
joewang1117,joewang1117
joeyc2010,joeyc2010
JoeZhoujin,JoeZhoujin
joeztang,joeztang
Joe_Shang,Joe_Shang
johnalan007,johnalan007
johnguojohn,johnguojohn
johnland2009,johnland2009
johnsonobserve,johnsonobserve
jojodou,jojodou
jonathanwq,jonathanwq
joojen,joojen
josephinef528,josephinef528
josephsyj,josephsyj
jp160102,jp160102
jqws,jqws
jswsky,jswsky
jt0265,jt0265
juebeiwang,juebeiwang
jujiu76,jujiu76
julian_ye,julian_ye
junjiayou,junjiayou
junqu,junqu
jun_yu,jun_yu
justfc,justfc
justina25,justina25
justsmile4u,justsmile4u
jxduoduo,jxduoduo
jxlj,jxlj
jy999,jy999
jzturn,jzturn
j_constantine,j_constantine
j_sg23,j_sg23
kafeitang,kafeitang
kaholai,kaholai
kaixin8,kaixin8
kaloneren,kaloneren
kammarketer,kammarketer
kangkang220,kangkang220
kaola,kaola
kaoyandi,kaoyandi
kapalong,kapalong
kapok9998,kapok9998
karenmeu,karenmeu
karlavenez2182,karlavenez2182
karupin_child,karupin_child
kate1138,kate1138
katekatemoon,katekatemoon
katharineliu,katharineliu
kathytianna,kathytianna
kdfohk,kdfohk
kdslife,kdslife
keazhu,keazhu
kec1986,kec1986
kedoumusic,kedoumusic
keeneqian,keeneqian
keepsearch,keepsearch
keepwalking,keepwalking
kefodshen,kefodshen
keigobo,keigobo
kele8018,kele8018
keledec,keledec
Kelly3y2p,Kelly3y2p
kelsey_dur19434,kelsey_dur19434
kenkuok,kenkuok
kenlee,kenlee
kennechen,kennechen
kenneth1982,kenneth1982
kent03,kent03
keso,keso
kevin752217404,kevin752217404
kevindon,kevindon
kevinfudan,kevinfudan
kevingao77,kevingao77
kevingo,kevingo
kevinguoxin,kevinguoxin
kevinou2007,kevinou2007
keyi_bu,keyi_bu
kfconlineshop,kfconlineshop
kgreload,kgreload
kidras,kidras
killerwarm,killerwarm
killsystem32,killsystem32
kimnanchen,kimnanchen
kinganvit,kinganvit
kingfly1016,kingfly1016
kingst,kingst
kiol2001,kiol2001
kioral,kioral
kirinhu,kirinhu
kirin_hu,kirin_hu
kirmoro,kirmoro
kirsa,kirsa
kisa747,kisa747
kisschina,kisschina
kittychYY8,kittychYY8
kkokjava_china,kkokjava_china
kkzg,kkzg
kmqw012,kmqw012
knockoution,knockoution
Koasoso,Koasoso
kof2002,kof2002
kololo123,kololo123
komalkam1,komalkam1
kongling,kongling
koreatalk20,koreatalk20
koroma00,koroma00
kristy_xiao,kristy_xiao
Kristy_xiao,Kristy_xiao
ksduba,ksduba
ksitaram,ksitaram
ksojfks,ksojfks
kuailedao,kuailedao
kuangma,kuangma
kubs,kubs
kukjin2001,kukjin2001
kunbu007,kunbu007
kunlove,kunlove
kunlunfeng2,kunlunfeng2
kunshou,kunshou
kupingxu,kupingxu
kurt2715,kurt2715
kurtchen,kurtchen
kururucaozhang,kururucaozhang
kwongkelvin,kwongkelvin
kyi2009,kyi2009
L5d,L5d
lackarzhao,lackarzhao
lacmiu,lacmiu
ladaobani,ladaobani
ladyduoduo,ladyduoduo
lafmad,lafmad
laibena,laibena
lailiangping,lailiangping
lancelot8260,lancelot8260
lancet25,lancet25
landjayb,landjayb
landofwind,landofwind
landuo12,landuo12
laneeauto,laneeauto
langcnlj,langcnlj
langhua9527,langhua9527
langtouteng,langtouteng
lanhl,lanhl
lanhualanhua,lanhualanhua
lanlanhai2008,lanlanhai2008
lanmaoxia,lanmaoxia
lanmeilove,lanmeilove
lansexingkong,lansexingkong
lanweics,lanweics
lanyaxin,lanyaxin
lanyinzoe,lanyinzoe
lanzhixue,lanzhixue
laobei,laobei
laodouchi,laodouchi
laoezi,laoezi
laogao70,laogao70
laohp,laohp
laohudashu,laohudashu
laoli123,laoli123
laomaoliu,laomaoliu
laoq,laoq
laowang1234,laowang1234
laowu1989,laowu1989
laoyebin,laoyebin
larchsis,larchsis
lariver,lariver
larrykeep,larrykeep
laurenseey,laurenseey
lavavpn,lavavpn
lawyercpa,lawyercpa
lawyerkai,lawyerkai
lawyer_chinaw,lawyer_chinaw
laylayrs,laylayrs
lazyzooly,lazyzooly
lbx75,lbx75
lclok,lclok
lcq123,lcq123
lcquuu,lcquuu
leaddone,leaddone
leanne_sucks,leanne_sucks
learningqu,learningqu
learno_,learno_
lee2900,lee2900
leedan421,leedan421
leehsin,leehsin
leexiaolei,leexiaolei
lefterer,lefterer
leftry,leftry
leighanyoyo,leighanyoyo
leiyulu,leiyulu
leohliu,leohliu
leongeng,leongeng
leonmail,leonmail
leonren,leonren
leonx28,leonx28
leo_zhujs,leo_zhujs
leticiafre81258,leticiafre81258
leungchingyip,leungchingyip
levinclh,levinclh
leyon_,leyon_
lfollowerme,lfollowerme
lgy128828,lgy128828
lht0747,lht0747
li8man,li8man
liandy,liandy
liangsj,liangsj
liangtengjian,liangtengjian
liangzhiyu,liangzhiyu
liaod,liaod
liaomengxi,liaomengxi
liaozibo,liaozibo
libifeng,libifeng
libin0225,libin0225
libuyan2009,libuyan2009
licaizu,licaizu
licq1991,licq1991
licufa,licufa
lietlie,lietlie
lifeasdream,lifeasdream
ligang2011,ligang2011
lighting21,lighting21
lihaijun,lihaijun
lihlii,lihlii
lihongfeisfwe,lihongfeisfwe
lihuafang,lihuafang
lihuiyang,lihuiyang
liiiiiiisten,liiiiiiisten
Liiizhao,Liiizhao
liitom,liitom
lijie,lijie
likebook,likebook
Likebook,Likebook
likedream,likedream
likelk,likelk
lilinar,lilinar
lilongcheng,lilongcheng
lilu198,lilu198
lilyisafatboy,lilyisafatboy
lilyliu156,lilyliu156
limit_lin,limit_lin
limochou3,limochou3
limoral,limoral
limpidhuangge,limpidhuangge
limuxy,limuxy
lincoder,lincoder
linfang123,linfang123
linfen,linfen
linglingfa,linglingfa
lingyun0718_a,lingyun0718_a
linhuiping,linhuiping
linking523,linking523
linkinu,linkinu
linkist,linkist
linkmobile,linkmobile
links_life,links_life
linlun123,linlun123
linping1999,linping1999
linus4532,linus4532
linushuo,linushuo
linuxhobby,linuxhobby
linwre,linwre
lipengpeng,lipengpeng
liqiang000,liqiang000
liqingzhao,liqingzhao
lishuang1983,lishuang1983
litiantian,litiantian
liu19401963,liu19401963
liu7bin,liu7bin
liuchao604,liuchao604
liudimouse,liudimouse
liuguanghua,liuguanghua
liuguokai,liuguokai
liuhuibo8964,liuhuibo8964
liuisx01,liuisx01
liujianxun,liujianxun
liujin9822247,liujin9822247
liuknight,liuknight
liuliuzhe,liuliuzhe
liumangyan,liumangyan
liumiao,liumiao
liuming400,liuming400
liumingxizang,liumingxizang
liunian_2002,liunian_2002
liuqi82,liuqi82
liushi817,liushi817
liutianyu,liutianyu
liuweiline,liuweiline
liuyangsheng,liuyangsheng
liuyuansy,liuyuansy
liuyuanwai,liuyuanwai
liu_ch,liu_ch
Liu_tai,Liu_tai
liu_xiaoyuan,liu_xiaoyuan
liwanya317,liwanya317
liyangyang1126,liyangyang1126
liyongsheng,liyongsheng
liyun32,liyun32
lizhiwu2001,lizhiwu2001
lizili1,lizili1
ljf3011,ljf3011
ljqu,ljqu
ljtvming,ljtvming
ljyfree,ljyfree
lkbao,lkbao
lke0,lke0
lleeup,lleeup
lllneo,lllneo
lllxmb2008,lllxmb2008
llnyxqy,llnyxqy
lmhosting,lmhosting
lms0023,lms0023
lnamer,lnamer
lnineone,lnineone
locyoo,locyoo
longdj,longdj
longwolf408,longwolf408
lopezzarc,lopezzarc
lorben,lorben
lornwolf,lornwolf
lospeer_1710,lospeer_1710
lostfigo,lostfigo
lostindream,lostindream
lostnorth,lostnorth
lost_doctor,lost_doctor
louis88422,louis88422
louiscooltse,louiscooltse
louyuq,louyuq
louz777,louz777
love1017best,love1017best
loveair2004,loveair2004
loveclan,loveclan
lovelifelove,lovelifelove
lover5225,lover5225
lovereformism,lovereformism
lqcq,lqcq
lsycpc,lsycpc
lubang3,lubang3
lucky9805,lucky9805
lucky_girl888,lucky_girl888
Lujinghua,Lujinghua
luluffy,luluffy
luocn99,luocn99
luofan,luofan
luoxiqofy,luoxiqofy
luoxue,luoxue
luoya888,luoya888
luqingqin,luqingqin
lushanlian,lushanlian
lutherluo,lutherluo
luxiaozh,luxiaozh
luxunriji,luxunriji
lu_aiyin,lu_aiyin
lvdesheng,lvdesheng
lvenle,lvenle
lvhonglai,lvhonglai
Lvhuanle,Lvhuanle
lvl59,lvl59
lvnwn,lvnwn
lvroudabing,lvroudabing
lvsicheng8888,lvsicheng8888
lvzhao,lvzhao
lwxsb,lwxsb
LWyrschChinese,LWyrschChinese
lx45cn,lx45cn
lxdlxy,lxdlxy
lxx_leunghin,lxx_leunghin
ly19578812,ly19578812
ly1984,ly1984
ly2320508,ly2320508
ly9532,ly9532
lydis,lydis
lyll2011,lyll2011
lylnjjt,lylnjjt
lyloveenv,lyloveenv
lymikko,lymikko
lynasang,lynasang
lyq2010,lyq2010
lz1234,lz1234
lzmj,lzmj
lzuxz,lzuxz
l_antenno,l_antenno
macally,macally
mackwang,mackwang
madlyn551,madlyn551
maggie_luo07,maggie_luo07
magicbobo1983,magicbobo1983
magico0714,magico0714
majhemq,majhemq
majinxin,majinxin
majunpu,majunpu
majunspace,majunspace
makeyougohome,makeyougohome
manofphysics,manofphysics
man_jack1,man_jack1
maowumao,maowumao
maozour,maozour
marcotao11,marcotao11
marc_addison,marc_addison
MargarWLausel,MargarWLausel
markerf001,markerf001
marketviking,marketviking
markliu,markliu
mark_ztw,mark_ztw
martinleeman,martinleeman
martinyanzi,martinyanzi
marui1,marui1
marychencs,marychencs
masakimaki,masakimaki
mashaofang,mashaofang
mathchaser,mathchaser
mathena,mathena
matrixchina,matrixchina
matthew0705,matthew0705
matt_xu,matt_xu
mave99a,mave99a
maxcuil,maxcuil
MaxiRTrette,MaxiRTrette
mayanwu,mayanwu
mazouguanxi,mazouguanxi
Mcjennylily,Mcjennylily
mckaywei,mckaywei
mcliu,mcliu
mcsafe,mcsafe
mcttang,mcttang
meadowyuan,meadowyuan
MedicStuff,MedicStuff
meeboo,meeboo
meidao,meidao
meigennow,meigennow
MEIGENNOW,MEIGENNOW
meinvhaha,meinvhaha
mein_fuehrer,mein_fuehrer
melodie_wolf,melodie_wolf
MelonCN,MelonCN
memedia,memedia
mengdelitang,mengdelitang
mengqi,mengqi
menmang,menmang
menphis1979,menphis1979
metalslagcn,metalslagcn
metaphyp,metaphyp
metaphytwit,metaphytwit
methuseal,methuseal
methuselar,methuselar
mfmg1911,mfmg1911
mfyalex,mfyalex
mh620214,mh620214
mhbkb,mhbkb
miantuan,miantuan
mianyangmao,mianyangmao
miaomiaoga,miaomiaoga
michaelboatman_,michaelboatman_
michaelliuxun,michaelliuxun
michaelqd,michaelqd
michaelsun01,michaelsun01
michealyzl,michealyzl
Michelangilo,Michelangilo
mickeyzevtv,mickeyzevtv
midpoint,midpoint
Migwell09,Migwell09
mijiale,mijiale
mijieti,mijieti
mijiu9,mijiu9
mikewolfxyou,mikewolfxyou
mikizinaniisii,mikizinaniisii
miles_z,miles_z
mingjz,mingjz
minglle,minglle
mingxia,mingxia
minimapcn,minimapcn
minjian,minjian
minkey23,minkey23
minlawoo,minlawoo
minz89641,minz89641
minzhuziyou9119,minzhuziyou9119
miqi765,miqi765
missiu,missiu
missleecatty,missleecatty
misspearflower,misspearflower
mitjinwang,mitjinwang
mixero,mixero
mkc188,mkc188
mkf1206,mkf1206
mkoutside,mkoutside
mlxs,mlxs
mlxzlas,mlxzlas
mmwei,mmwei
mm_nyq,mm_nyq
modoo,modoo
mohinderbiubiu,mohinderbiubiu
mojiede,mojiede
mokingyu,mokingyu
molihua_kuaibao,molihua_kuaibao
monicawukong,monicawukong
Monkeyero1984,Monkeyero1984
mono_ian,mono_ian
monster373,monster373
moon2009288,moon2009288
moonwall,moonwall
moriyama,moriyama
morningx2,morningx2
morrigani,morrigani
mosquitolwl,mosquitolwl
mostamass,mostamass
motodexter,motodexter
mountain,mountain
mozhixu,mozhixu
mpqp7x,mpqp7x
mqs8668,mqs8668
mrbennett325,mrbennett325
mrbu1986,mrbu1986
mrdijw,mrdijw
mrqq1985cn,mrqq1985cn
mrs4,mrs4
mrtweet,mrtweet
mrxiaoxin,mrxiaoxin
mrxx,mrxx
msf_hongkong,msf_hongkong
msjj47,msjj47
msnxiaogui,msnxiaogui
msn_8536,msn_8536
mtswzrye,mtswzrye
mugfw,mugfw
multisamlim,multisamlim
mumuou,mumuou
mushroom1985,mushroom1985
muziyan,muziyan
mwhds,mwhds
mwiu1,mwiu1
mybloglog,mybloglog
mycdma,mycdma
mycoffin,mycoffin
mymicrolog,mymicrolog
mynamexu,mynamexu
myren772,myren772
myrepression,myrepression
mystical1226,mystical1226
myvtiger,myvtiger
my_think,my_think
n0th1n,n0th1n
nachtsong,nachtsong
naduanteam,naduanteam
NAJIAXIWANG12,NAJIAXIWANG12
nalaginrut,nalaginrut
namezhitao,namezhitao
nana9434,nana9434
nanopeople,nanopeople
naoleiying,naoleiying
napster214,napster214
narmarmar,narmarmar
nathanwong,nathanwong
nathanzhou,nathanzhou
nayitian,nayitian
naza9394,naza9394
na_sheishei,na_sheishei
nbzhoujiaqi,nbzhoujiaqi
nciku_cn,nciku_cn
ncuscr_news,ncuscr_news
ndjxg,ndjxg
ndzk,ndzk
neal__lee,neal__lee
neaskin,neaskin
neeetness,neeetness
neghox,neghox
neigeren,neigeren
neozhangcn,neozhangcn
neozyl,neozyl
nethobo,nethobo
netroadman,netroadman
netvista3987,netvista3987
neuhaus898,neuhaus898
neverwordeyes,neverwordeyes
new5598,new5598
newboydj169,newboydj169
News163,News163
news163,news163
newsinchina,newsinchina
newssouth,newssouth
nexon_ni,nexon_ni
ngo20,ngo20
nianyu,nianyu
niaolong,niaolong
nicalzy,nicalzy
nicefox2011,nicefox2011
nicehello,nicehello
nicholas_wan,nicholas_wan
nicole8414,nicole8414
nicotine_taxi,nicotine_taxi
niellow,niellow
nienie77,nienie77
nihaohello,nihaohello
nings,nings
ninthmonth,ninthmonth
nitex_21,nitex_21
niub,niub
niufengle,niufengle
niuniumei,niuniumei
niyhbqgqieca,niyhbqgqieca
niyong2t,niyong2t
nizzzzzz,nizzzzzz
njxiaohou,njxiaohou
nkskyshn,nkskyshn
nmgsg,nmgsg
nneedd,nneedd
no1rabbit,no1rabbit
nobnow,nobnow
nocturne023,nocturne023
nodike,nodike
nolishi,nolishi
nonozhi,nonozhi
Not4Profit,Not4Profit
notjackcafferty,notjackcafferty
notwenhua,notwenhua
notyetcult,notyetcult
noyouthleague,noyouthleague
npoint,npoint
Npoint,Npoint
nurtwong,nurtwong
nuzcom,nuzcom
nwpuman,nwpuman
nxiangbu,nxiangbu
nxlaochen,nxlaochen
nxzy,nxzy
nyliulei,nyliulei
o0ooo0o,o0ooo0o
o7z,o7z
obamachronicles,obamachronicles
obitod,obitod
oef,oef
ofanoyi,ofanoyi
ojz,ojz
okasareta,okasareta
oldfrankly,oldfrankly
oldmartin1117,oldmartin1117
oldvictor,oldvictor
old_wine,old_wine
oliverding,oliverding
oneway1968,oneway1968
onlyonewolfeye,onlyonewolfeye
ooleilei,ooleilei
ooodong,ooodong
akanehotaru1025,akanehotaru1025
aleksoft,aleksoft
andrewyu,andrewyu
anothr,anothr
asmile,asmile
barackobama,barackobama
bb8320,bb8320
cacoocom,cacoocom
callofmafia,callofmafia
chang_ping,chang_ping
chedong,chedong
chiao,chiao
cleverpig,cleverpig
cluries,cluries
degewa,degewa
diigo,diigo
doraemonshenlu,doraemonshenlu
duanzi,duanzi
fanyafeng,fanyafeng
fonature20,fonature20
forcode,forcode
freemoren,freemoren
glif,glif
hecaitou,hecaitou
heqinglian,heqinglian
huping1,huping1
hushuli,hushuli
jason5ng32,jason5ng32
jjwen1021,jjwen1021
joi,joi
lemoned,lemoned
lianyue,lianyue
limsabeom,limsabeom
liujunning,liujunning
livid,livid
lixin169,lixin169
luoyonghao,luoyonghao
maoz,maoz
meiguocankao,meiguocankao
mranti,mranti
mrqiufeng,mrqiufeng
ourdearamy,ourdearamy
parandroid,parandroid
persianxiaozhao,persianxiaozhao
php3780,php3780
popoever,popoever
puzhiqiang,puzhiqiang
qiyepu,qiyepu
ranyunfei,ranyunfei
rextiti,rextiti
riku,riku
rmack,rmack
rockngo,rockngo
ruanji,ruanji
sense1993,sense1993
sharism,sharism
shenzhen_litie,shenzhen_litie
shizhao,shizhao
shumeiyu,shumeiyu
shunz,shunz
sidekickick,sidekickick
sociallearnlab,sociallearnlab
somephie,somephie
steftyn,steftyn
suavesu,suavesu
susieli1983,susieli1983
tedxxiamen,tedxxiamen
tengbiao,tengbiao
thecarol,thecarol
theliuyan,theliuyan
tianjianping,tianjianping
tmnxjl,tmnxjl
tomzhu,tomzhu
truthcn,truthcn
tuite_tips,tuite_tips
twiyia,twiyia
ustcendy,ustcendy
vaeann,vaeann
virushuo,virushuo
vista,vista
wangdan1989,wangdan1989
wenxin,wenxin
wenyunchao,wenyunchao
williamlong,williamlong
wioletleeand,wioletleeand
wlixiong,wlixiong
wuerkaixi,wuerkaixi
wuti1212,wuti1212
wuti1971,wuti1971
xiaorf,xiaorf
xindanwei,xindanwei
xingzou40guo,xingzou40guo
xiuli,xiuli
xying,xying
yanghengjun,yanghengjun
yang_rouchuan,yang_rouchuan
yeeyanese,yeeyanese
yibie,yibie
yining,yining
yisu,yisu
yuantianpeng,yuantianpeng
yuan_zi,yuan_zi
zengjinyan,zengjinyan
zhaohui1973,zhaohui1973
zheng,zheng
zhengyun,zhengyun
zhijunhou,zhijunhou
zhiyongxu,zhiyongxu
zouxin2000,zouxin2000
zuihulu,zuihulu
zuodao,zuodao
zuola,zuola
ooo_river,ooo_river
ooqpoo,ooqpoo
oosleeping,oosleeping
oowen,oowen
ooyourxx,ooyourxx
openthedoor2009,openthedoor2009
optop,optop
oq0d,oq0d
ormosia,ormosia
orz4zz,orz4zz
orzr,orzr
otahr,otahr
ourhqh,ourhqh
outcastveron,outcastveron
owenleelife,owenleelife
owidgets,owidgets
ownbyown,ownbyown
oyxhxj,oyxhxj
ozawahokkaido,ozawahokkaido
o_david_o,o_david_o
o__t,o__t
paintingtu,paintingtu
palmtom,palmtom
panpan66,panpan66
papillon1984,papillon1984
paradiddle1,paradiddle1
parheliaxp,parheliaxp
paul_lee_fabc,paul_lee_fabc
pcoal,pcoal
peaceafterwar,peaceafterwar
pengjiayin,pengjiayin
pengmomo,pengmomo
penguin_sr,penguin_sr
pengweijian,pengweijian
pengyuanzhong,pengyuanzhong
perfectao,perfectao
perrylink,perrylink
peter_soon,peter_soon
petrelwz,petrelwz
phelixchina,phelixchina
philainsworth,philainsworth
philosophiar,philosophiar
phoebushine,phoebushine
php_DVP,php_DVP
physacco,physacco
pierwu,pierwu
pilanwu,pilanwu
pimin,pimin
pingping119,pingping119
pingzibuman,pingzibuman
pissedboobear1,pissedboobear1
pizhou201001,pizhou201001
pizzazhou,pizzazhou
pklawyer,pklawyer
plane85711,plane85711
plaslog,plaslog
playxx,playxx
plidezus,plidezus
plmes,plmes
plmxs,plmxs
pobing,pobing
poiyzy,poiyzy
Poiyzy,Poiyzy
pokeniji,pokeniji
poketbwoodu,poketbwoodu
POKO420,POKO420
poluderk,poluderk
polvilhoreai,polvilhoreai
pop149_6,pop149_6
portaweb,portaweb
poson,poson
pplasto,pplasto
prague1968,prague1968
prdanang,prdanang
pridecard,pridecard
printeractive,printeractive
programmermag,programmermag
prototyping,prototyping
prozaghi,prozaghi
pro_hotel,pro_hotel
psiphoninc,psiphoninc
pslibo,pslibo
psyzhl,psyzhl
pubaoyi,pubaoyi
pujun1,pujun1
pureazure,pureazure
purplericecake,purplericecake
pushcutter,pushcutter
puxiaoming,puxiaoming
puye,puye
pyqsdd,pyqsdd
qahagin,qahagin
qbc123,qbc123
qcaa1107,qcaa1107
qdmn,qdmn
qfkongbin,qfkongbin
qglt,qglt
qianfengxiang,qianfengxiang
qiang68,qiang68
Qiang68,Qiang68
qianpiao,qianpiao
qianyunhui007,qianyunhui007
qifei,qifei
qiheizhiya,qiheizhiya
qiheren,qiheren
qihu2010,qihu2010
qiibeta,qiibeta
qingang1214,qingang1214
qingpingguo,qingpingguo
qingqingq,qingqingq
qingterbao,qingterbao
qingxin,qingxin
qingyangwenhe,qingyangwenhe
qinqiblog,qinqiblog
qinqing2002,qinqing2002
qipan,qipan
qiuhousz,qiuhousz
qiutaiyang,qiutaiyang
qiu_jian,qiu_jian
qiwang63,qiwang63
qixiaobai,qixiaobai
qjgjsbj,qjgjsbj
qjhm,qjhm
qjsy,qjsy
qjtt,qjtt
qjysqjywlwywlt,qjysqjywlwywlt
QQVacations,QQVacations
qqweis,qqweis
qqwin,qqwin
qqwl,qqwl
qtfb,qtfb
quakepet,quakepet
quanyasuiyue,quanyasuiyue
queen0,queen0
quqingyong,quqingyong
qus111,qus111
quwei,quwei
quzheng,quzheng
qweaz,qweaz
qwertywdytx,qwertywdytx
qybear,qybear
qyj,qyj
rainsn,rainsn
Rainsn,Rainsn
rainystar,rainystar
rakutentw,rakutentw
RAmostears,RAmostears
ranger_sun,ranger_sun
Ranger_sun,Ranger_sun
raoqiang,raoqiang
raptorqtm,raptorqtm
raquelkimi,raquelkimi
ratedxfun,ratedxfun
ray_chow,ray_chow
rcyt1234,rcyt1234
readcn,readcn
realvolcano,realvolcano
rebekahxing,rebekahxing
rebelboy,rebelboy
rebelzhao,rebelzhao
rechoushuai,rechoushuai
redmaple21,redmaple21
redredblack,redredblack
redretry,redretry
redvz,redvz
reggiekong,reggiekong
regina_granty,regina_granty
rele_,rele_
rencoco,rencoco
renjiaqi,renjiaqi
renleidatong,renleidatong
renrufei,renrufei
renzhiqiang,renzhiqiang
requiemz,requiemz
resselling,resselling
resteven,resteven
revdanielng,revdanielng
revengekk,revengekk
rfzkteas,rfzkteas
rgnh,rgnh
richard119,richard119
richard_ein,richard_ein
richie7830,richie7830
richterlee,richterlee
ricknet,ricknet
rickwang,rickwang
ridliu,ridliu
rightkitsune,rightkitsune
rihardceglowski,rihardceglowski
ringsoul,ringsoul
riojiang,riojiang
rios_hou,rios_hou
ripleyyu,ripleyyu
ro2606nt,ro2606nt
roberts008,roberts008
robinwang,robinwang
robot86,robot86
robustwilliam,robustwilliam
rocinwinter,rocinwinter
rockcody,rockcody
rocksun412,rocksun412
rogertse,rogertse
rokeer,rokeer
rokeywu,rokeywu
rolin1986,rolin1986
roloxs,roloxs
romantichina,romantichina
romeozxf,romeozxf
ronaldo_85125,ronaldo_85125
roncocn,roncocn
rongfei,rongfei
roosong,roosong
roses521,roses521
royallens,royallens
royeccc,royeccc
rrrrr108,rrrrr108
rse43,rse43
rssrylj,rssrylj
rt135,rt135
rtchina,rtchina
ruitui,ruitui
runningnini,runningnini
runzexinling,runzexinling
ruonengxing,ruonengxing
rush0932,rush0932
rushfeng,rushfeng
rushiewen,rushiewen
ruzo87,ruzo87
rwzk,rwzk
ryan_xxoo,ryan_xxoo
Ryan_XxOo,Ryan_XxOo
rykk09,rykk09
saberxxsl,saberxxsl
sakiola,sakiola
saks518,saks518
saktism,saktism
salars3,salars3
Salmon_Leung,Salmon_Leung
samjoeyang,samjoeyang
sammyw42,sammyw42
samuel_chu,samuel_chu
sanchoupro,sanchoupro
sandaojushi1995,sandaojushi1995
sandyhuayuan,sandyhuayuan
sandyzhanguk,sandyzhanguk
sanfenzui,sanfenzui
sanhot,sanhot
sannao118,sannao118
sanqia,sanqia
sanseitw,sanseitw
sanwolfy,sanwolfy
sapchina,sapchina
sara787452,sara787452
sarahliampayne,sarahliampayne
saunders70efi,saunders70efi
sayawayshi,sayawayshi
sayisee,sayisee
say_hc_plz,say_hc_plz
scarinli,scarinli
scatterings,scatterings
scfty,scfty
scjpmockexamkit,scjpmockexamkit
scnjlyzq,scnjlyzq
scomper,scomper
scstorage,scstorage
sctear,sctear
sdjkx,sdjkx
seaco126,seaco126
seakye,seakye
sean15986,sean15986
seanvaldo,seanvaldo
second1113,second1113
seeflan,seeflan
sega97,sega97
selifi,selifi
semitwist,semitwist
senlintwf,senlintwf
senses2008,senses2008
sethwarren,sethwarren
sexclipsxxx,sexclipsxxx
sexla,sexla
sexychina,sexychina
sglczb,sglczb
shabalaji,shabalaji
shadoworker,shadoworker
shadow_ma,shadow_ma
shakamei,shakamei
shakamit,shakamit
shakespears1,shakespears1
shamaonongmin,shamaonongmin
shanghaistone,shanghaistone
shangweisi,shangweisi
shangxiup,shangxiup
shanrunnan,shanrunnan
shantaolue,shantaolue
shantou660060,shantou660060
shanzhaiguo,shanzhaiguo
shaowenjun,shaowenjun
sharksir,sharksir
sharply,sharply
shawenlong,shawenlong
shawhwa,shawhwa
shawnakely,shawnakely
shawnatwest,shawnatwest
shazhongjin,shazhongjin
sheepjean,sheepjean
sheldon2012,sheldon2012
shellxy,shellxy
shelly_fish,shelly_fish
shenajiujiuwo,shenajiujiuwo
shengchou1985,shengchou1985
shengchou85,shengchou85
shengyanlei,shengyanlei
shenqian,shenqian
shenshenba,shenshenba
shgad,shgad
shihanbing_,shihanbing_
shijiangkai,shijiangkai
shijiebo,shijiebo
shijq,shijq
shileichao,shileichao
shiniankanchai,shiniankanchai
shiningbob,shiningbob
shininghu,shininghu
shinuo,shinuo
ShipanD,ShipanD
shiruijie,shiruijie
shittyfungus,shittyfungus
shixl07,shixl07
shiyifei1234,shiyifei1234
shizhijun,shizhijun
shj,shj
shlxu,shlxu
shmyd,shmyd
shorthu,shorthu
shotdev,shotdev
shoutandecho,shoutandecho
shpzw,shpzw
shszydml,shszydml
shuainan,shuainan
shuguohan,shuguohan
shuipu,shuipu
shuiwuhent,shuiwuhent
shuyi_20090001,shuyi_20090001
shyp,shyp
shyshuangchen,shyshuangchen
shzhy,shzhy
sidcn,sidcn
sidneyzhang,sidneyzhang
sidney_rowe,sidney_rowe
sikeyou,sikeyou
silentre,silentre
silsnow,silsnow
silverquorum,silverquorum
simayuliang,simayuliang
simmieluo,simmieluo
simonlanlu,simonlanlu
simon_wong_8694,simon_wong_8694
sindbadzwant,sindbadzwant
sinjunn1,sinjunn1
sinopitt,sinopitt
sin___,sin___
sipeter,sipeter
sirius_one,sirius_one
sishiwuzhongxue,sishiwuzhongxue
sissy2129,sissy2129
sis_wong,sis_wong
siuying,siuying
siyi_lq,siyi_lq
siyuwuxin,siyuwuxin
si_igh,si_igh
sjd2012,sjd2012
sjmr20122012,sjmr20122012
sjw0923cn,sjw0923cn
skidrow2010,skidrow2010
sky0001,sky0001
skypewq,skypewq
skystrike,skystrike
skywing231,skywing231
sky_fishflying,sky_fishflying
slater0801,slater0801
sleazydu,sleazydu
sleeplessfish79,sleeplessfish79
sleepsky520,sleepsky520
slick_sellers,slick_sellers
slm5198,slm5198
slsssh,slsssh
slz8848,slz8848
smallestant,smallestant
smallower,smallower
smilefoxzhu,smilefoxzhu
smileleung,smileleung
smilevista,smilevista
smile_bear,smile_bear
smith9527,smith9527
smoking123,smoking123
sms29323sms,sms29323sms
snakelee,snakelee
snbhk,snbhk
snoopyrain,snoopyrain
snowb1ind,snowb1ind
snowball_lynx,snowball_lynx
snowhite44,snowhite44
snubok,snubok
sober0218,sober0218
socialent101,socialent101
socoolcatchang,socoolcatchang
soekemkling,soekemkling
sofool,sofool
sohu,sohu
sokly,sokly
solidzoro,solidzoro
someok,someok
somsak0226,somsak0226
songchunqu,songchunqu
songhelin,songhelin
songjiepeng,songjiepeng
songq001,songq001
songqh760,songqh760
songshinan,songshinan
songxiong,songxiong
songyq,songyq
soniccn,soniccn
sootaku,sootaku
sososwim,sososwim
soul820,soul820
southeart,southeart
sozaiya,sozaiya
so_wh,so_wh
sparkxue,sparkxue
speedupwindows7,speedupwindows7
sphynx2011,sphynx2011
spintotenor,spintotenor
spoofchina,spoofchina
sposeidon,sposeidon
springlantern,springlantern
sprint001,sprint001
spritetong,spritetong
ssfy,ssfy
ssxxcczz,ssxxcczz
staburiss,staburiss
starbrite79,starbrite79
stargazercams,stargazercams
starknight,starknight
starvii,starvii
stb_home,stb_home
ste7ens,ste7ens
steekid,steekid
stephynbs,stephynbs
stevenlin86,stevenlin86
stevenyu,stevenyu
stonecaptain,stonecaptain
stonehoo,stonehoo
stoneliu,stoneliu
storyweaverzh,storyweaverzh
stupid77,stupid77
subtomato,subtomato
sudammining,sudammining
sudoherob,sudoherob
suifengdotme,suifengdotme
suiyueruge99,suiyueruge99
sunajia,sunajia
sungpong,sungpong
sungt,sungt
sunlau_cn,sunlau_cn
sunny81627919,sunny81627919
sunnyjod,sunnyjod
sunnymiao,sunnymiao
sunpanhe,sunpanhe
sunxiao,sunxiao
sunyou3000,sunyou3000
sunysong,sunysong
sunzhuwa,sunzhuwa
suoluo,suoluo
super0zero,super0zero
super999,super999
superbreakman,superbreakman
superlv,superlv
supernetizen,supernetizen
superpigcat,superpigcat
supersugar99,supersugar99
superzcgme,superzcgme
supportasia,supportasia
surdark,surdark
surreykong,surreykong
sushi2037,sushi2037
suspendlo,suspendlo
suzhiguo,suzhiguo
su_night,su_night
Su_night,Su_night
su_song88,su_song88
Sweden_China,Sweden_China
sweetycandy1986,sweetycandy1986
swikor,swikor
Swikor,Swikor
swordlan,swordlan
sxcut,sxcut
sxliulf,sxliulf
sxliuqin,sxliuqin
sxrj,sxrj
syblackboy,syblackboy
symphone,symphone
Symphone,Symphone
synccc,synccc
szsong100,szsong100
s_pang,s_pang
s_soliloquy,s_soliloquy
taichuanyao,taichuanyao
taihudu,taihudu
taiwanfloods,taiwanfloods
take9u,take9u
talkde,talkde
tanainaidegou,tanainaidegou
taneyana,taneyana
tanghaiyun,tanghaiyun
tangzhehao,tangzhehao
tanqin1984,tanqin1984
tanyp,tanyp
taobao1688,taobao1688
taweili,taweili
TCCcash,TCCcash
tdbpa,tdbpa
tealuo,tealuo
techsina,techsina
tedlian,tedlian
tedstifler,tedstifler
tedtochina,tedtochina
ted_cn,ted_cn
tefful,tefful
tekkon,tekkon
telshl,telshl
tenderpink,tenderpink
terence_h,terence_h
terry_t_t,terry_t_t
tests123,tests123
tfdream,tfdream
tgglmahm,tgglmahm
th7353,th7353
thanks723,thanks723
thelilei,thelilei
therealmccain,therealmccain
TheSe7en,TheSe7en
thetwitadder,thetwitadder
thewildsound,thewildsound
thiagowong,thiagowong
thinker1983,thinker1983
thisistomyang,thisistomyang
thorstenteng,thorstenteng
thw,thw
tiancaijushi,tiancaijushi
tianchaoren,tianchaoren
tianchunye,tianchunye
tiankong1,tiankong1
tianshengxibei,tianshengxibei
tianshi_angel,tianshi_angel
tiau_net,tiau_net
tieshangonzhu,tieshangonzhu
tiexiaosan,tiexiaosan
tiffanychen0616,tiffanychen0616
tigerbus,tigerbus
tigerwu,tigerwu
tilliepfeffer,tilliepfeffer
timesharepages,timesharepages
timzhong,timzhong
tingnai,tingnai
tingyu99,tingyu99
tinkerbelljoce,tinkerbelljoce
tinyyuan,tinyyuan
tiramisumumu,tiramisumumu
tjqimen,tjqimen
tmas68,tmas68
tmdway,tmdway
together255,together255
tom92317,tom92317
tomato___,tomato___
tomm344,tomm344
tommycnbj,tommycnbj
tonchaplease,tonchaplease
tonghongli,tonghongli
tonghuashijie,tonghuashijie
tonking1987,tonking1987
tony1022,tony1022
tony200299,tony200299
tonydongbo,tonydongbo
tonywong45,tonywong45
tornadowang,tornadowang
torproject,torproject
totolook,totolook
ToToLook,ToToLook
tottome,tottome
toubao,toubao
tounaofare8964,tounaofare8964
toutiao,toutiao
towerleung,towerleung
toyotu,toyotu
toyuan2010,toyuan2010
tqianyang,tqianyang
tqin,tqin
trai25,trai25
travelicon,travelicon
travelrecorder,travelrecorder
trendplus,trendplus
trevorhu,trevorhu
troyding,troyding
trshlhyk,trshlhyk
truebreaker,truebreaker
tsangck,tsangck
tsangpeilei,tsangpeilei
tsaomin,tsaomin
tsenfine,tsenfine
tsiens,tsiens
ttaroundyou,ttaroundyou
ttsunzhonghuai,ttsunzhonghuai
ttxxhh,ttxxhh
tuanjiegonghui,tuanjiegonghui
tuanzou,tuanzou
tub123,tub123
tufuwugan,tufuwugan
tuituji_tuite,tuituji_tuite
tuny_tai,tuny_tai
tuzr123,tuzr123
tweetwawa,tweetwawa
tweety_tips,tweety_tips
twelve,twelve
twemes,twemes
twidoggie,twidoggie
twidone,twidone
twimor,twimor
twtui,twtui
twxw,twxw
txyyss,txyyss
tyim,tyim
tyn2008,tyn2008
tzhg,tzhg
tzstudio,tzstudio
tzyu,tzyu
uanon,uanon
ucaanc,ucaanc
udbippl,udbippl
ue_ty_jinshan,ue_ty_jinshan
uitony,uitony
uk_toptv,uk_toptv
umbuffet,umbuffet
uncle1914,uncle1914
unclegates,unclegates
unclepandora,unclepandora
uniqun2009,uniqun2009
unovus,unovus
uoion,uoion
upd,upd
uplovecity,uplovecity
upperr,upperr
usassh,usassh
uu_mo,uu_mo
uyshare,uyshare
uyy,uyy
v88x,v88x
Valerianatt,Valerianatt
valley521,valley521
vanvan,vanvan
vcgtimes,vcgtimes
venevision,venevision
veraucio,veraucio
VeryDarkTime,VeryDarkTime
veryfocus,veryfocus
veteranli,veteranli
Victoria9l8d,Victoria9l8d
victorzhang226,victorzhang226
victor_king,victor_king
vincent4j,vincent4j
vincent9258,vincent9258
vincentlean,vincentlean
vincentleung91,vincentleung91
vinesay,vinesay
vintonsong,vintonsong
vision181,vision181
vivianwubeijing,vivianwubeijing
vivianyanz,vivianyanz
vividolphin,vividolphin
vjension,vjension
voachinese,voachinese
Vokeez,Vokeez
vonsis,vonsis
vpn_60peryear,vpn_60peryear
vvchn,vvchn
vverniphone,vverniphone
vwin88,vwin88
08charterbbs,08charterbbs
4zai,4zai
79ting,79ting
7strang,7strang
aac_,aac_
aisijimoren,aisijimoren
aiweishu,aiweishu
akid_,akid_
arthur369,arthur369
auntbear,auntbear
avege,avege
avshare,avshare
baixiaoci,baixiaoci
baiyi,baiyi
bang590,bang590
beichen,beichen
bimawen,bimawen
bitinn,bitinn
bleutee,bleutee
blogtd,blogtd
boatman,boatman
boreas,boreas
bruinlu,bruinlu
buchong,buchong
byconan,byconan
caotama,caotama
chenping123,chenping123
coldlava1981,coldlava1981
corndogcn,corndogcn
cosbeta,cosbeta
cuiweiping,cuiweiping
cyzbot,cyzbot
daisycao,daisycao
daodao,daodao
dawaiwai,dawaiwai
dbdz,dbdz
dianshui,dianshui
dongdongqiang,dongdongqiang
drunkcatt,drunkcatt
duck__1984,duck__1984
duowang,duowang
dupola,dupola
echopupu,echopupu
enray_tt,enray_tt
fanxiaowu,fanxiaowu
femen,femen
flyfeather,flyfeather
flyingpku,flyingpku
gaodawei,gaodawei
goldengrape,goldengrape
gonewater,gonewater
gossipsama,gossipsama
haliyar,haliyar
hanunyi,hanunyi
haojian2,haojian2
heejunjin,heejunjin
heifenbrug,heifenbrug
herolee_cn,herolee_cn
horse,horse
howardsu,howardsu
hugenoize,hugenoize
huoouh,huoouh
iammoogee,iammoogee
iewoac,iewoac
ifanr,ifanr
jasontj,jasontj
jessetoo,jessetoo
jiehanzheng,jiehanzheng
juliapeng,juliapeng
kaifulee,kaifulee
kaka2000cn,kaka2000cn
kcome,kcome
kielboat,kielboat
korchagin,korchagin
langzichn,langzichn
laoyang945,laoyang945
leicanakin,leicanakin
lengxiaohua,lengxiaohua
lennyrotten,lennyrotten
linkeyi,linkeyi
liunians,liunians
lopakaka,lopakaka
luobeibei,luobeibei
lutouse,lutouse
mianmaoku,mianmaoku
mrzhangjiannan,mrzhangjiannan
nanzhou,nanzhou
newchen,newchen
norvisky,norvisky
oakvale5,oakvale5
pangjiaoming,pangjiaoming
pengxiaoyun,pengxiaoyun
pufei,pufei
qiaox,qiaox
qiumazha,qiumazha
rainbear00,rainbear00
randomyou,randomyou
rayche,rayche
roseluqiu,roseluqiu
rtf2,rtf2
rtmeme,rtmeme
rui7905,rui7905
s0mk,s0mk
sagacity,sagacity
scavin,scavin
shantou007,shantou007
shifeike,shifeike
shixb90,shixb90
snaptu,snaptu
sospartan,sospartan
startime,startime
sunng,sunng
suzs2s2,suzs2s2
syfjk,syfjk
szh100,szh100
taoduanfang,taoduanfang
tdtw,tdtw
theodore666hu,theodore666hu
tracybaibai823,tracybaibai823
try2feel,try2feel
twokeqi,twokeqi
valerie_guo,valerie_guo
vnnw,vnnw
wanghaoxuan,wanghaoxuan
wangpei,wangpei
wangshuo,wangshuo
wangtiancheng01,wangtiancheng01
wangwater,wangwater
wangxiaoshan,wangxiaoshan
warrenlol,warrenlol
weiba,weiba
wglxh,wglxh
wh1735,wh1735
windyye,windyye
wishyu,wishyu
wzx0727,wzx0727
xdp1999,xdp1999
xiange,xiange
xiaolai,xiaolai
xiaoqingchen,xiaoqingchen
xiaoxiaom,xiaoxiaom
xiasinet,xiasinet
xie107,xie107
xiyyes,xiyyes
yegle,yegle
yimaobuba,yimaobuba
yinxingongzi,yinxingongzi
yqz,yqz
yurii_yu,yurii_yu
zashi_,zashi_
zgf,zgf
zhaipx,zhaipx
zhangjialong,zhangjialong
zhaomu,zhaomu
zokio,zokio
zzyzxd,zzyzxd
waitfor520,waitfor520
waiting1911,waiting1911
waiting_it,waiting_it
wajwajwaj,wajwajwaj
wallace_2012,wallace_2012
Wallace_2012,Wallace_2012
walltuan,walltuan
wandsyu,wandsyu
wang2j,wang2j
wangafa,wangafa
wangcai007,wangcai007
wangchangan,wangchangan
WangDangWangGuo,WangDangWangGuo
wangguan,wangguan
wanghm7419,wanghm7419
wangjinwan,wangjinwan
wangjizai,wangjizai
wangjucai,wangjucai
wangjunhui,wangjunhui
wangkaixin,wangkaixin
wanglaowu01,wanglaowu01
wangleimr,wangleimr
wanglianhua,wanglianhua
wanglidong,wanglidong
wangqiang,wangqiang
wangqingwei,wangqingwei
wangshiyi2012,wangshiyi2012
wangshuishui,wangshuishui
wangwenhou6,wangwenhou6
wangwusi,wangwusi
wangxingyue,wangxingyue
581,581
AcryanZhang,AcryanZhang
agostic,agostic
aiguozhu,aiguozhu
aihihi,aihihi
alicecapt,alicecapt
andytn,andytn
ArtNext,ArtNext
asideBNS,asideBNS
awguo,awguo
azoron,azoron
baidu_image,baidu_image
BarackObama,BarackObama
bazhongwei,bazhongwei
bbcchinese,bbcchinese
Beet_TV,Beet_TV
Beichen,Beichen
BestAt,BestAt
bestgembler,bestgembler
Binqiang_Xu,Binqiang_Xu
cbcmt,cbcmt
ccheer,ccheer
ccShijing,ccShijing
CDT,CDT
chaijingnews,chaijingnews
chensviews,chensviews
chentianshi,chentianshi
chinabullet,chinabullet
Chinaelections,Chinaelections
ChinaWebNews,ChinaWebNews
ChineseDancer,ChineseDancer
chongguocai,chongguocai
chuwangtai,chuwangtai
clmusic,clmusic
cncitizens,cncitizens
cnnbrk,cnnbrk
CnSocialWeb,CnSocialWeb
coldplay,coldplay
Cookstoon,Cookstoon
cskb,cskb
CUNCG,CUNCG
cxzj,cxzj
cyido,cyido
DashHuang,DashHuang
davidztao,davidztao
defamer,defamer
delphij,delphij
didimama1989,didimama1989
doubleaf,doubleaf
dsenzii,dsenzii
duanhaixin,duanhaixin
ecauses,ecauses
ecvip,ecvip
Edde,Edde
elvis_w,elvis_w
engengpu,engengpu
enoooone,enoooone
EricChenYu,EricChenYu
even5435,even5435
eXrld,eXrld
FanJun,FanJun
Fenng,Fenng
ForMoom,ForMoom
FrankyXu,FrankyXu
fuguoyong,fuguoyong
gaoling,gaoling
gaoming,gaoming
ginlian,ginlian
gjlawyer,gjlawyer
GongmengOCI,GongmengOCI
Google_in_China,Google_in_China
guanchame,guanchame
guoxintao,guoxintao
h77a,h77a
haizi988,haizi988
handongfang,handongfang
haojinsong,haojinsong
heartnn_bot,heartnn_bot
HeQinglian,HeQinglian
heweifang,heweifang
heyang519,heyang519
hhalloyy,hhalloyy
hidecloud,hidecloud
hmld,hmld
Horrora,Horrora
huaizhao,huaizhao
huben,huben
hujiefilm,hujiefilm
HuPing1,HuPing1
HuShuli,HuShuli
hxdai,hxdai
icorey,icorey
ifire,ifire
ilesivo,ilesivo
INCORRECTISM,INCORRECTISM
InformationWeek,InformationWeek
istef,istef
jajia,jajia
JennaUshkowitz,JennaUshkowitz
jeremyshih,jeremyshih
Jessyleeuni,Jessyleeuni
JianglinLi,JianglinLi
jinbianling,jinbianling
jinweizhu,jinweizhu
jiyanjiang,jiyanjiang
journeyang,journeyang
juntaowang,juntaowang
Junya_Guo,Junya_Guo
junyu,junyu
kanzhongguo,kanzhongguo
katotoru1963,katotoru1963
KimberlyCole1,KimberlyCole1
kmule_MG,kmule_MG
KuoMinTang,KuoMinTang
kwedo23,kwedo23
laojing0001,laojing0001
LEMONed,LEMONed
LeonYau,LeonYau
leungmantao,leungmantao
liangxiaojun,liangxiaojun
liguohong1111,liguohong1111
lihai54,lihai54
lishuhang,lishuhang
liu6465,liu6465
liuqiangben,liuqiangben
liuxia64,liuxia64
liuxianbin1989,liuxianbin1989
liuyiming1,liuyiming1
liuyun1989,liuyun1989
Livestream,Livestream
lookon,lookon
loyye,loyye
lr_hw,lr_hw
lss007,lss007
ltfzx,ltfzx
lzuDarrell,lzuDarrell
MaoYuShi,MaoYuShi
Marlboro1986,Marlboro1986
meichaofeng,meichaofeng
messiahxu,messiahxu
Mini_Dragon_CN,Mini_Dragon_CN
minzhuzhongguo,minzhuzhongguo
miqiailing,miqiailing
MissPennington,MissPennington
MIWAms,MIWAms
MoPaCHIN,MoPaCHIN
Mosesofmason,Mosesofmason
Mrdaydayup,Mrdaydayup
msleamichele,msleamichele
musicleaf,musicleaf
musiXboy,musiXboy
musou2008,musou2008
my1510,my1510
Myhard,Myhard
OEF,OEF
patrickpoon,patrickpoon
pengjiancn,pengjiancn
polly0079,polly0079
powerdotcom,powerdotcom
ppmeme,ppmeme
pprainbow,pprainbow
pzhg,pzhg
qs0514,qs0514
QStations,QStations
rainyfield,rainyfield
reformism,reformism
RescueVOA,RescueVOA
RevDanielNg,RevDanielNg
RFA_Chinese,RFA_Chinese
RFIChinese,RFIChinese
sabrinaden,sabrinaden
sanxiactmri,sanxiactmri
shaheniaoren,shaheniaoren
shanzhigu,shanzhigu
shizhuo96,shizhuo96
Showfom,Showfom
skywalk95,skywalk95
SlowZhu,SlowZhu
soundfury,soundfury
stoneip,stoneip
Suyutong,Suyutong
Tangos,Tangos
TechCrunch,TechCrunch
TechWebSecurity,TechWebSecurity
think918,think918
Tianchaoren,Tianchaoren
tinychat,tinychat
treehouse,treehouse
truant,truant
tufuwugan2012,tufuwugan2012
tui3rd,tui3rd
tuitedr,tuitedr
tweetbffs,tweetbffs
tweet_im,tweet_im
twfav,twfav
twibbon,twibbon
twitcam,twitcam
twitter,twitter
TwoCold,TwoCold
tyuukaryouri,tyuukaryouri
T_7,T_7
Valerie_Guo,Valerie_Guo
VCGopal,VCGopal
velarium,velarium
voachina,voachina
walkingway,walkingway
wangdalian,wangdalian
wangguangze8964,wangguangze8964
wangjinbo,wangjinbo
WangShuo,WangShuo
wangxm81,wangxm81
wangyi09,wangyi09
wangyueblog,wangyueblog
wanyanhai,wanyanhai
Warcraft,Warcraft
watsonxu,watsonxu
webleon,webleon
wefollow,wefollow
weiquanwang,weiquanwang
weirdchina,weirdchina
wenbon,wenbon
wendymermaid,wendymermaid
wentommy,wentommy
window08,window08
winterjane,winterjane
wistreer,wistreer
withbach,withbach
wkqbot,wkqbot
wlh832,wlh832
wodejia,wodejia
wohome,wohome
woshuo,woshuo
wumao,wumao
wuquan,wuquan
wurenhua,wurenhua
wuxiaoniu,wuxiaoniu
wuye727001,wuye727001
wuyuesanren,wuyuesanren
wuzhenqi,wuzhenqi
wuzhenqilawyer,wuzhenqilawyer
wwr,wwr
wxhch64,wxhch64
wxpwww,wxpwww
wxshenjun,wxshenjun
wyws,wyws
xbeta2008,xbeta2008
xialinlawyer,xialinlawyer
xiangmeier,xiangmeier
xiaocao07,xiaocao07
xiaoshu1,xiaoshu1
xiaoyong8964,xiaoyong8964
XiaYeliang,XiaYeliang
xieguozhong_,xieguozhong_
xiguatracy,xiguatracy
xiniu1966,xiniu1966
xiuchangguatou,xiuchangguatou
xmjhhk,xmjhhk
xushengs,xushengs
xutiyao,xutiyao
yancaiwm,yancaiwm
yanglicai,yanglicai
yangpigui,yangpigui
yanlshan,yanlshan
yanyuan,yanyuan
yaoraonan,yaoraonan
Yee,Yee
yetan_,yetan_
ye_du,ye_du
yindeyi,yindeyi
yinqiao,yinqiao
yiyuan1943126,yiyuan1943126
yokoono,yokoono
young,young
ytf92,ytf92
Yuancheng,Yuancheng
yuantengfei,yuantengfei
yuchi998,yuchi998
yueliangnv,yueliangnv
yujie89,yujie89
yuluinfo,yuluinfo
yunchenran,yunchenran
YUYAN999,YUYAN999
zhangfacai,zhangfacai
zhanghui8964,zhanghui8964
zhangjian8964,zhangjian8964
zhangming1,zhangming1
zhangpp,zhangpp
zhaogli,zhaogli
zhaoilanhai,zhaoilanhai
zhaolianhai,zhaolianhai
zhidong,zhidong
ziyou474,ziyou474
ziyujade,ziyujade
zskj,zskj
zuzhou,zuzhou
_xiaohan,_xiaohan
_xxh,_xxh
wangxuezhong,wangxuezhong
wangxulife,wangxulife
wangyahui,wangyahui
wangziyi,wangziyi
wang_lilin,wang_lilin
wang_zheng,wang_zheng
wanjie,wanjie
wanlei,wanlei
wannafindanewjo,wannafindanewjo
wanqiu,wanqiu
wantfly1989,wantfly1989
wan_ku,wan_ku
watchbilllau,watchbilllau
water1983,water1983
waterth,waterth
wawewe,wawewe
waywb,waywb
wbf999,wbf999
wcd0,wcd0
wdcl,wdcl
we81712,we81712
wearetogether,wearetogether
webo8,webo8
websavage,websavage
wei38466,wei38466
weidong1968,weidong1968
weifeng,weifeng
weiguanghai,weiguanghai
weihhuan,weihhuan
weijingguanghao,weijingguanghao
weilaizhanshi,weilaizhanshi
weiminchina,weiminchina
weinacy,weinacy
weinisidelei,weinisidelei
weiwenwu71,weiwenwu71
weiyisean,weiyisean
weizhanyun,weizhanyun
weizhili,weizhili
wellsbretter,wellsbretter
wellsparkson,wellsparkson
wenabb,wenabb
wendaofuren,wendaofuren
wenli,wenli
wenmiaodeng,wenmiaodeng
wenqiang01,wenqiang01
wenshiyi,wenshiyi
wentian0726,wentian0726
werwer3476,werwer3476
wfwt,wfwt
whatheart,whatheart
what_why_ho,what_why_ho
whendo,whendo
whereissheena,whereissheena
whoisemo,whoisemo
whoknows2000,whoknows2000
whunmr,whunmr
why818,why818
whybeta,whybeta
wikicn,wikicn
wilburding,wilburding
willychen3,willychen3
windsguideme,windsguideme
windychanel,windychanel
winter20092010,winter20092010
witchsybil,witchsybil
wjfkkk,wjfkkk
wjiabao,wjiabao
wlcasper,wlcasper
wlh8964,wlh8964
wljoke,wljoke
wltwit,wltwit
wlxzwmy,wlxzwmy
wl_99888,wl_99888
wmxue,wmxue
wmz718,wmz718
woaibob,woaibob
woailixiaolong,woailixiaolong
woaizhangfacai,woaizhangfacai
woaizhenli,woaizhenli
wocaca66,wocaca66
wodeshen123,wodeshen123
woguo,woguo
wohaishiliang,wohaishiliang
wohom,wohom
wolfcat327,wolfcat327
wolfgangwang,wolfgangwang
wonders34,wonders34
wongderfulyu,wongderfulyu
wongef,wongef
wongmeng,wongmeng
woochingshan,woochingshan
wood5741,wood5741
woodymuyue,woodymuyue
wooparadog,wooparadog
wooyaohui,wooyaohui
wordsarepowerfu,wordsarepowerfu
woshimingren999,woshimingren999
wow2ez,wow2ez
woxiangxiaren,woxiangxiaren
wp19851026,wp19851026
wpdaoyjk,wpdaoyjk
wqjtc614,wqjtc614
wrbaer,wrbaer
wsddan,wsddan
wsliang002,wsliang002
wudixiaochao,wudixiaochao
wufeng1984,wufeng1984
wukkong,wukkong
wuliangshangshi,wuliangshangshi
wupon,wupon
wutixinshi02,wutixinshi02
wuxuewen,wuxuewen
wuyouwuwei,wuyouwuwei
wuzengjian,wuzengjian
355_ml,355_ml
9duan,9duan
amnestychina,amnestychina
anticctv,anticctv
aoi_sola,aoi_sola
baiken_we,baiken_we
baiyichu,baiyichu
banlon,banlon
bbcclick,bbcclick
benfilm63,benfilm63
billgates,billgates
bobfu4china,bobfu4china
bonniefuller,bonniefuller
briarlandtulip,briarlandtulip
cableleaks,cableleaks
caijingblog,caijingblog
caingdotcom,caingdotcom
caoyi,caoyi
cccalendar,cccalendar
cctvbrk,cctvbrk
cdt,cdt
chinareport,chinareport
chineisei,chineisei
chrlcg,chrlcg
civil_media,civil_media
clipnabber,clipnabber
cnh1n1,cnh1n1
cnni,cnni
cnsocialweb,cnsocialweb
cnvisualculture,cnvisualculture
cnyulun,cnyulun
cocolinx,cocolinx
comodozyhai,comodozyhai
coolloud,coolloud
cuddly_v,cuddly_v
cyizhong,cyizhong
dalailamacn,dalailamacn
daofeichang,daofeichang
dashhuang,dashhuang
dkxk,dkxk
dongxinet,dongxinet
donkeybjm,donkeybjm
dropbox,dropbox
dttoo,dttoo
duxieren,duxieren
dwchinese,dwchinese
ecocn,ecocn
edu2do,edu2do
enochlu,enochlu
epa_uv_test,epa_uv_test
evan9501,evan9501
eyeofjackiechan,eyeofjackiechan
e_info,e_info
fangkc,fangkc
fawjournal,fawjournal
flaneur_tw,flaneur_tw
flymeteor,flymeteor
flypig,flypig
fqx,fqx
freehongkong,freehongkong
freeliuyong,freeliuyong
frontiertw,frontiertw
ftchinese,ftchinese
fzhenghu_en,fzhenghu_en
gfwchina,gfwchina
glimho,glimho
globalmon,globalmon
globalvoiceszh,globalvoiceszh
goingstudio,goingstudio
gongmengoci,gongmengoci
gongminyaoyao,gongminyaoyao
goproist,goproist
govecn,govecn
gptaiwan,gptaiwan
guanda111,guanda111
guandian,guandian
guardiannews,guardiannews
guishuo,guishuo
healthyrus,healthyrus
heicailiao,heicailiao
herdictchinese,herdictchinese
hkgreensense,hkgreensense
hkreader,hkreader
hmc1cn,hmc1cn
hushufen,hushufen
hutianyi,hutianyi
iasiaweekly,iasiaweekly
ifgreen,ifgreen
ijustine,ijustine
ismaelan,ismaelan
ivanjoke,ivanjoke
ivanzhai,ivanzhai
jayveechen,jayveechen
jeff_yu,jeff_yu
jiakon,jiakon
jidian55,jidian55
jifualadin,jifualadin
jimmy_su,jimmy_su
jshisan,jshisan
junbuilt,junbuilt
karenalloy,karenalloy
kenjikee,kenjikee
kevin2kelly,kevin2kelly
klx1204,klx1204
kuotzk,kuotzk
kyodochinese,kyodochinese
l5d,l5d
liang3404814,liang3404814
lifangping,lifangping
life,life
lihuihui,lihuihui
lingcangzhou,lingcangzhou
lishiboke,lishiboke
littleoslo,littleoslo
live_talk_pts,live_talk_pts
maoyushi,maoyushi
markgstacey,markgstacey
marthastewart,marthastewart
mingpaocom,mingpaocom
mingtian,mingtian
modernmediacn,modernmediacn
mountainhsu,mountainhsu
nanfangzhoumo,nanfangzhoumo
nasa,nasa
nddaily,nddaily
news50275,news50275
newsweek,newsweek
nfdsbplb,nfdsbplb
nobelpeace2010,nobelpeace2010
noirz,noirz
nytimes,nytimes
oiwan,oiwan
ouning,ouning
ours_tw,ours_tw
oxfamdream,oxfamdream
oxfamhongkong,oxfamhongkong
oxfamtrailhk,oxfamtrailhk
phinley,phinley
qhgy,qhgy
qiangang,qiangang
qienkuen,qienkuen
rabbitrunfast,rabbitrunfast
rasti123,rasti123
rfa_chinese,rfa_chinese
ruanyf,ruanyf
sesawecn,sesawecn
shaofoundationc,shaofoundationc
shaohuachen,shaohuachen
shauyoo,shauyoo
sinrocha,sinrocha
socialrecommend,socialrecommend
solarstormwatch,solarstormwatch
stefsunyanzi,stefsunyanzi
sunny3751,sunny3751
suyutong,suyutong
suzhounews,suzhounews
swinefluhk,swinefluhk
taiwancorpwatch,taiwancorpwatch
taiwangoodlife,taiwangoodlife
talentj,talentj
talkonly,talkonly
tangnie22,tangnie22
tean,tean
tea_ecotour,tea_ecotour
tedxguangzhou,tedxguangzhou
tedxsysu,tedxsysu
thechinapress,thechinapress
theellenshow,theellenshow
the_zooniverse,the_zooniverse
time,time
toolcn,toolcn
twbof,twbof
twocold,twocold
unradiochinese,unradiochinese
weiyingjie,weiyingjie
wezhiyong,wezhiyong
whitehouse,whitehouse
wikileaks,wikileaks
wikinews,wikinews
wmhk,wmhk
wuyoulan,wuyoulan
wuyuren,wuyuren
xiaomi2020,xiaomi2020
xiayeliang,xiayeliang
xinhuanews,xinhuanews
xinminwb,xinminwb
xmu,xmu
xmwb,xmwb
xoxosaralol,xoxosaralol
xream,xream
xuye1226,xuye1226
xxcb,xxcb
yanbomama,yanbomama
yangmo,yangmo
yaodu,yaodu
yapphenghui,yapphenghui
yekuangzheng,yekuangzheng
yimalaile,yimalaile
ylose,ylose
youpai,youpai
youtube,youtube
yuancheng,yuancheng
yuanxinting,yuanxinting
yukini520,yukini520
yunzhongjinshu,yunzhongjinshu
ywstyle,ywstyle
yyyfei,yyyfei
zbcom,zbcom
zeaz,zeaz
zhangdajun,zhangdajun
zhanghui,zhanghui
zhangjinjun,zhangjinjun
zhanglifan,zhanglifan
zhangweiguo,zhangweiguo
zhangxiaolu,zhangxiaolu
zhangxinmao,zhangxinmao
zhang_qin,zhang_qin
zhaofengbin,zhaofengbin
zhaofengxue,zhaofengxue
zhaofengzhi,zhaofengzhi
zhejiang,zhejiang
zhuangzhuangxu,zhuangzhuangxu
zhwiki_dyk,zhwiki_dyk
zhwp,zhwp
zining,zining
zy_ren,zy_ren
__wahpapa,__wahpapa
wuzuolai,wuzuolai
wuzuotie,wuzuotie
wwidkg,wwidkg
wwq0327,wwq0327
wwwghks,wwwghks
wwwxxxhhh,wwwxxxhhh
wwxiaozhu,wwxiaozhu
wxiong59,wxiong59
wxzhi,wxzhi
wy06194,wy06194
wy51r,wy51r
wyft,wyft
wyldw,wyldw
wzy,wzy
xavier_too,xavier_too
XBdream,XBdream
xbourn,xbourn
xdc365,xdc365
xDD0Sx,xDD0Sx
xenowei,xenowei
xf01,xf01
xfan,xfan
xiahuiyao,xiahuiyao
xian888888aq,xian888888aq
xiangke2010,xiangke2010
xiangmr,xiangmr
xianyunyehe63,xianyunyehe63
xiaobodiandian,xiaobodiandian
xiaobuyao,xiaobuyao
xiaocantian,xiaocantian
xiaodaoxiaoxi,xiaodaoxiaoxi
xiaofengzi8,xiaofengzi8
xiaoguangfeng,xiaoguangfeng
xiaohuapd,xiaohuapd
xiaojiao2012,xiaojiao2012
xiaominhappy,xiaominhappy
xiaoneo,xiaoneo
xiaopeng2028,xiaopeng2028
xiaoshagua67,xiaoshagua67
xiaotangcai,xiaotangcai
xiaotuziwang,xiaotuziwang
xiaovli,xiaovli
xiaoxiao321,xiaoxiao321
xiaoxiaoz,xiaoxiaoz
xiaoxinzhanya,xiaoxinzhanya
xiaoxuenizi,xiaoxuenizi
xiaoyezi,xiaoyezi
xiaoying_wang,xiaoying_wang
XiaoYuan_UO,XiaoYuan_UO
xiaozhizhi,xiaozhizhi
xiaxue113,xiaxue113
xie1701,xie1701
xienet,xienet
xieqianshi,xieqianshi
xies,xies
xiexianxiao,xiexianxiao
xieyi64,xieyi64
xieyongjun,xieyongjun
xifanliang,xifanliang
xiiiholic,xiiiholic
xiledoo,xiledoo
xilwto,xilwto
ximengxia,ximengxia
xinchen_dust,xinchen_dust
xingatgfw,xingatgfw
xingde,xingde
xingesw,xingesw
xingfuke,xingfuke
xingwku,xingwku
xingxuling,xingxuling
xingye163,xingye163
xinhongjun,xinhongjun
xinkehu,xinkehu
XinlinYang,XinlinYang
xinshan,xinshan
xinwentongxun,xinwentongxun
xinxin123,xinxin123
xiongtao,xiongtao
xiusky,xiusky
xixihu77,xixihu77
xixiplan,xixiplan
xiyan,xiyan
xizhiyu,xizhiyu
xjames007,xjames007
xliangbo,xliangbo
xltkxltk,xltkxltk
xluo,xluo
xmile2012,xmile2012
xmit0806,xmit0806
xshuai1006,xshuai1006
xtit_net,xtit_net
xtruifeng,xtruifeng
xubuyou,xubuyou
xuchenfei,xuchenfei
xueao,xueao
xueown,xueown
xuerufan,xuerufan
xujia,xujia
xujie1991,xujie1991
xujienapo,xujienapo
xujietao,xujietao
xukongjing1,xukongjing1
xunng,xunng
xuweio,xuweio
xx1968,xx1968
xxc2011,xxc2011
xxttyyfuck,xxttyyfuck
XXXCelebrityVid,XXXCelebrityVid
xy03,xy03
xyrnn,xyrnn
xyu_ovi,xyu_ovi
xzncut,xzncut
xzzwy,xzzwy
XZZWY,XZZWY
xz_best,xz_best
x_desire4magic,x_desire4magic
yabaolu,yabaolu
yaeyao,yaeyao
yagofaba,yagofaba
yakool,yakool
yalecn,yalecn
yami0925,yami0925
yanda66,yanda66
yanganl,yanganl
yangjianxiong,yangjianxiong
yanglaw,yanglaw
yanglu0602,yanglu0602
yangtao448,yangtao448
yangtx,yangtx
yanguangdu,yanguangdu
yangxiaoning,yangxiaoning
yangyibo,yangyibo
yangyichina,yangyichina
yanqiru,yanqiru
yansheng1003,yansheng1003
yanshuiyong,yanshuiyong
yanyanyry,yanyanyry
yanyyz2000,yanyyz2000
yaolin080,yaolin080
yaosuh,yaosuh
yaozhitou,yaozhitou
yato20110220,yato20110220
yatouwei,yatouwei
ybark,ybark
ybwang1989,ybwang1989
ycys2009,ycys2009
ydfjeyw,ydfjeyw
yeefe,yeefe
yeemourn,yeemourn
yefengkuang,yefengkuang
yehl1987,yehl1987
yeivan,yeivan
yellsinr,yellsinr
yenovo,yenovo
yepnoop,yepnoop
yesiiican,yesiiican
yesonline,yesonline
yhcqh,yhcqh
yhinformation,yhinformation
yhlau,yhlau
yhlz,yhlz
yibada,yibada
yihaodiannews,yihaodiannews
yihhua,yihhua
yiliangzheng,yiliangzheng
yimouren,yimouren
yingxionggaga,yingxionggaga
yinhong,yinhong
yinminzhengfu,yinminzhengfu
yinyuwei,yinyuwei
yinznet,yinznet
yitulihe,yitulihe
yixiaobing,yixiaobing
yizhilu,yizhilu
yjbd,yjbd
yjbww,yjbww
yjdsy,yjdsy
yjhlb,yjhlb
yjmfs,yjmfs
yjshd00,yjshd00
yk81921,yk81921
ylfe,ylfe
ylive,ylive
ylrf,ylrf
yojayu,yojayu
yokel007,yokel007
yolandacc_2046,yolandacc_2046
yomdeer,yomdeer
yong1ee,yong1ee
yongboy,yongboy
yongxiu,yongxiu
yoo,yoo
youguei,youguei
youhuoni,youhuoni
youmanmi,youmanmi
youngurt,youngurt
yourcrisy,yourcrisy
youthfilm,youthfilm
youttiao,youttiao
youyizi,youyizi
yowkee,yowkee
yoyocd,yoyocd
ys_sunshine,ys_sunshine
yuanchao_cn,yuanchao_cn
yuanhengg,yuanhengg
yuanmufaye,yuanmufaye
yuanyi_wang,yuanyi_wang
yudfzk,yudfzk
yuebushuang,yuebushuang
yuefengchu,yuefengchu
yuelees,yuelees
yueyutu,yueyutu
yufeng_luo,yufeng_luo
yukeshitempire,yukeshitempire
yuki_jp2011,yuki_jp2011
yuktungpark,yuktungpark
yuleli,yuleli
yuming_51,yuming_51
yushengxc,yushengxc
yutaotongxue,yutaotongxue
yuyinjie,yuyinjie
yuzhiwu,yuzhiwu
ywk1219,ywk1219
yxh888888,yxh888888
yxh978,yxh978
yxh989809,yxh989809
yxiaoxie,yxiaoxie
yxydd88,yxydd88
yy198200,yy198200
yzkc,yzkc
yztj7th,yztj7th
y_shuai,y_shuai
z0u1,z0u1
z19860104,z19860104
zacharyzhu,zacharyzhu
zafka,zafka
zagang,zagang
zaichuanzhile,zaichuanzhile
zaiyou,zaiyou
zanghonghua,zanghonghua
zangle,zangle
zangxian,zangxian
zbszgx,zbszgx
zbyking,zbyking
zctb,zctb
zealotman,zealotman
zeinngb,zeinngb
zengguangcao,zengguangcao
zengxiaopo,zengxiaopo
zenitaquar,zenitaquar
zent00,zent00
zeusca,zeusca
zeyue,zeyue
zf5823,zf5823
zfnn,zfnn
zfs002,zfs002
zfw1993,zfw1993
zgliannu,zgliannu
zhang1204peng,zhang1204peng
zhangerlang,zhangerlang
zhangfanpc,zhangfanpc
zhangjianjun,zhangjianjun
zhanglin0932,zhanglin0932
zhangmeng1129,zhangmeng1129
zhangming2006,zhangming2006
zhangwei,zhangwei
zhangyabin,zhangyabin
zhangys,zhangys
zhang_wenjin,zhang_wenjin
zhaobinbing,zhaobinbing
zhaofengsheng,zhaofengsheng
zhaohx,zhaohx
zhaojianjun,zhaojianjun
zhaoxin8964,zhaoxin8964
zhaoyiman,zhaoyiman
zhao_dan,zhao_dan
zhao_hong,zhao_hong
zhayy,zhayy
zhazha55672695,zhazha55672695
zhcbbs,zhcbbs
zhenggogm,zhenggogm
zhengxiang1977,zhengxiang1977
zhfhmx,zhfhmx
zhgd,zhgd
zhhaichao,zhhaichao
zhimei2010,zhimei2010
zhiqiu8964,zhiqiu8964
zhiweimao,zhiweimao
zhiweisong,zhiweisong
zhizilee,zhizilee
zhjc,zhjc
ZhMinYH,ZhMinYH
zhongdao123,zhongdao123
zhongluluffy,zhongluluffy
zhongwaiduihua,zhongwaiduihua
zhoubinhao,zhoubinhao
zhoublow,zhoublow
zhouqingqing,zhouqingqing
zhouyongjin,zhouyongjin
zhouzijingmint,zhouzijingmint
zhuf,zhuf
zhufengme,zhufengme
zhuhanao82,zhuhanao82
zhuwenger,zhuwenger
zhuxiaopao,zhuxiaopao
zhuyingyaohong,zhuyingyaohong
zibei,zibei
ziboynet,ziboynet
zicjin,zicjin
zikii,zikii
zinuezhong,zinuezhong
zipangzi,zipangzi
ziqi722,ziqi722
ziyoushen2011,ziyoushen2011
zjgzjg6363,zjgzjg6363
zjha0,zjha0
zjinlong,zjinlong
zjjjr,zjjjr
zjorchid,zjorchid
zjy1971,zjy1971
zknight,zknight
zlectNews,zlectNews
zlectnews,zlectnews
zlwaiting,zlwaiting
zlzb0306,zlzb0306
zmhu,zmhu
znzxgod,znzxgod
zoozobib,zoozobib
zouwei2010,zouwei2010
zouyi,zouyi
zp1413061,zp1413061
zq519,zq519
zqinbing,zqinbing
zqmadcat,zqmadcat
zshb,zshb
ztqqw,ztqqw
zttchina,zttchina
ztzlking,ztzlking
zuiai,zuiai
zuinb,zuinb
zuixiake,zuixiake
zululiu,zululiu
zunbao_zhang,zunbao_zhang
zuoguanggao,zuoguanggao
zuon,zuon
zuozuo123,zuozuo123
zwhcherry,zwhcherry
zwydn,zwydn
zxxianh,zxxianh
zyl45,zyl45
zylsztsl,zylsztsl
zy_xu,zy_xu
zzains,zzains
zzh1989829,zzh1989829
zzhiyang,zzhiyang
zzou123,zzou123
zzscn,zzscn
_fenghuang,_fenghuang
_fqn_,_fqn_
_hit_,_hit_
_hq_,_hq_
_nuller,_nuller
_onlysmile,_onlysmile
_philosophos_,_philosophos_
